timeDays,tank1Ammonia,tank2Ammonia,tank3Ammonia,tank4Ammonia,tank5Ammonia,tank1ExhaustO2,tank2ExhaustO2,tank3ExhaustO2,tank4ExhaustO2,tank5ExhaustO2
0,10.2039577,6.751518288,4.317770352,0.996529392,0.09583473,13.24450806,14.85103391,16.08826387,18.57084028,18.94899913
0.010416667,8.336663972,6.376537729,4.247718023,0.949135678,0.085973099,14.03672347,15.00070719,16.11331839,18.6282299,19.00189135
0.020833333,7.183196143,5.697148608,4.028739187,0.903861457,0.086480098,14.62786151,15.32613412,16.20495106,18.57475056,18.92371306
0.03125,6.520677674,5.048276972,3.699628746,0.806292572,0.07589281,14.96311923,15.65116222,16.35113502,18.60654177,18.94424013
0.041666667,6.143115757,4.535032313,3.341097219,0.671997414,0.064124628,15.15056344,15.91311808,16.51618658,18.64874911,18.94490317
0.052083333,5.90770401,4.070761194,2.93774334,0.428806239,0.045084972,15.2785127,16.14819694,16.70200018,18.74111843,18.94852039
0.0625,5.757111417,3.748025098,2.602467178,0.288824663,0.038048717,15.3613245,16.31820112,16.86342389,18.79241058,18.9432925
0.072916667,5.666516552,3.530755408,2.341002911,0.20980484,0.029414803,15.40685707,16.43336414,16.99211084,18.81885397,18.93865879
0.0833333,5.612048865,3.387372335,2.146259488,0.165782312,0.013365,15.43161565,16.50910055,17.08925405,18.83051755,18.93783055
0.09375,5.468043942,3.144366585,1.91550911,0.089944709,0.005441247,15.50537738,16.62652287,17.1972496,18.87165266,18.93936719
0.104166667,5.359644699,2.965411921,1.73218403,0.065449883,0.003874381,15.56242016,16.71940496,17.28722115,18.86226163,18.91024861
0.114583333,5.288115747,2.837804221,1.590947011,0.034380216,0.003320886,15.59568845,16.78502812,17.35743483,18.87008172,18.90708607
0.125,5.240165407,2.748149719,1.484883801,0.018754327,0.003084656,15.61095728,16.82956263,17.41021641,18.87359335,18.90221059
0.135416667,5.065626157,2.547843918,1.333945031,0.007274037,0.002925555,15.68684169,16.92184906,17.47920881,18.89293366,18.90276615
0.145833333,4.927166216,2.389851967,1.210251171,0.005515415,0.002835172,15.75002177,16.99902632,17.53882076,18.86417719,18.90084129
0.15625,4.83074562,2.269507045,1.111143922,0.004677833,0.002780806,15.79256744,17.05698658,17.58594029,18.87133297,18.90327478
0.166666667,4.763873332,2.179645196,1.033417731,0.004228525,0.002750512,15.8217789,17.09962337,17.62161074,18.86844656,18.90194409
0.177083333,4.825880533,2.037244538,0.931642416,0.003664949,0.002726391,15.79197945,17.16583819,17.67087768,18.87601096,18.90270079
0.1875,4.870677468,1.950563685,0.852567862,0.003435444,0.002714338,15.77033384,17.20954517,17.70916092,18.86554761,18.90289339
0.197916667,4.90203519,1.899243968,0.794353598,0.003291549,0.002714695,15.75172917,17.23485622,17.73797303,18.8693662,18.90408173
0.2083333,4.923501999,1.869726306,0.75331581,0.003208004,0.00272623,15.74115162,17.24505338,17.74242252,18.86405268,18.9039088
0.21875,4.894072528,1.791821103,0.700996351,0.003089446,0.002746713,15.74150172,17.28431557,17.78357059,18.87205265,18.90466568
0.229166667,4.862390898,1.735171054,0.660740546,0.003041836,0.002778686,15.75027215,17.31112762,17.80326589,18.86777789,18.9052173
0.239583333,4.838109398,1.694423019,0.630543217,0.00301868,0.002825674,15.7544775,17.33011393,17.82218765,18.87135003,18.90619372
0.25,4.820010779,1.665272344,0.608388333,0.003016738,0.002891008,15.76281113,17.34372313,17.83098881,18.86893505,18.90637636
0.260416667,4.929767446,1.632287449,0.585199332,0.003013847,0.00298094,15.7065908,17.35887441,17.84252262,18.87051574,18.90717568
0.270833333,5.011472796,1.621163881,0.569156581,0.003034767,0.00310464,15.6615066,17.36375694,17.85129549,18.86950171,18.90788156
0.28125,5.070486307,1.621821552,0.559414317,0.003071273,0.003278531,15.62797824,17.36355695,17.85746095,18.87005903,18.90870793
0.291666667,5.113243069,1.628219921,0.554535974,0.003123984,0.003531153,15.6064053,17.36045854,17.86132828,18.86976131,18.9095158
0.302083333,5.467855309,1.712726689,0.573418973,0.003240436,0.003889051,15.43404894,17.32277877,17.85528781,18.86539602,18.91009736
0.3125,5.738829836,1.809561578,0.597385343,0.003364272,0.004444862,15.29257634,17.27528836,17.84600749,18.8668747,18.91125418
0.322916667,5.935229422,1.903223455,0.624846337,0.003517908,0.005384823,15.19571437,17.22987468,17.83512304,18.86521696,18.91384626
0.3333333,6.077918942,1.987020266,0.653628782,0.003707341,0.007200393,15.12660365,17.18940651,17.82324121,18.86603861,18.92048234
0.34375,6.865807028,2.348862354,0.778209169,0.004436962,0.009629328,14.7499033,17.02357175,17.77215694,18.84746566,18.92456747
0.354166667,7.446059552,2.702282398,0.915609048,0.005463708,0.013746873,14.45303519,16.84566651,17.70985379,18.8555878,18.92938365
0.364583333,7.848034418,3.013040613,1.056456415,0.007689812,0.02097886,14.25296024,16.68972681,17.64539197,18.8548231,18.93150156
0.375,8.126830413,3.272170536,1.192029837,0.014338779,0.031827605,14.1353731,16.56193649,17.5827459,18.86133797,18.93379237
0.385416667,9.525393743,4.228849475,1.658688612,0.130251655,0.043985795,13.51976239,16.11763773,17.38089235,18.80921213,18.92107375
0.395833333,10.46031968,5.108254922,2.168802427,0.238423726,0.057883218,13.09566445,15.67361412,17.14160627,18.77661787,18.91624302
0.40625,11.04144641,5.823463769,2.670602689,0.353804244,0.074509804,12.86415126,15.32086628,16.90653714,18.73845115,18.91513567
0.416666667,11.40444167,6.37267739,3.126623018,0.477731156,0.094021265,12.73492696,15.05873704,16.69510305,18.70501565,18.91593147
0.427083333,12.71050903,7.73882527,4.172437078,1.031000855,0.202777925,12.32384525,14.48900737,16.25906857,18.52805475,18.8840621
0.4375,13.50171304,8.855715291,5.173632947,1.595444275,0.345658944,12.08589354,14.03640454,15.84404108,18.4300004,18.87401492
0.447916667,13.94566286,9.663509448,6.045541124,2.199382537,0.542192989,11.97673073,13.7571578,15.52149793,18.35355931,18.86088446
0.4583333,14.20807222,10.22136785,6.754132913,2.799199274,0.793313938,11.9230085,13.59299396,15.29471634,18.30013549,18.84683028
0.46875,14.78446559,10.97173097,7.610897736,3.663046284,1.275903459,11.81804793,13.41731833,15.07659869,18.23872273,18.8215862
0.479166667,15.17961104,11.57169994,8.333939197,4.428669066,1.803937012,11.74520679,13.29176841,14.9213843,18.21055257,18.81143387
0.489583333,15.46709904,12.02059013,8.92352646,5.09887761,2.343992804,11.70310779,13.21333092,14.81959434,18.19077591,18.80578856
0.5,15.71117556,12.36500047,9.393886902,5.667844671,2.863821096,11.66743086,13.15820486,14.74799511,18.1806735,18.80056929
0.510416667,16.13455603,12.72904517,9.811036971,6.174252568,3.367178992,11.61154083,13.11072583,14.69349588,18.16697511,18.79767203
0.520833333,16.46518164,13.08666971,10.1898574,6.603297292,3.814605589,11.56990921,13.06579007,14.64925439,18.15828707,18.79546929
0.53125,16.73544399,13.40356145,10.53565667,6.978704313,4.208908739,11.53507819,13.02787858,14.61114485,18.15365431,18.79301406
0.541666667,16.96677552,13.67841275,10.8457661,7.311300682,4.557023756,11.50839723,12.99872425,14.58175052,18.14769682,18.79183211
0.552083333,17.09117377,13.80279579,11.01404277,7.489865838,4.765463668,11.49936157,12.98677676,14.56462423,18.14964063,18.79345588
0.5625,17.205666,13.9156878,11.15171975,7.643989136,4.939125867,11.48934696,12.97815056,14.55209746,18.14645998,18.79318273
0.572916667,17.31403291,14.02480929,11.27277681,7.774012485,5.082678867,11.46713518,12.96823612,14.54135598,18.14680921,18.79325229
0.5833333,17.40965258,14.12713989,11.3827461,7.885971257,5.201677097,11.4651127,12.95742057,14.53110212,18.14198091,18.79198763
0.59375,17.06154031,13.99422086,11.344522,7.847306938,5.187435907,11.49149948,12.96384533,14.53007062,18.14722493,18.79453609
0.604166667,16.85075188,13.79049237,11.23956295,7.789024636,5.1539989,11.51150387,12.97852266,14.53336684,18.14616772,18.79496341
0.614583333,16.73608911,13.61116317,11.09683168,7.694455546,5.095370626,11.52286188,12.99161514,14.5388499,18.14488311,18.79487341
0.625,16.66728257,13.47421268,10.95014036,7.571723617,5.008517056,11.5283647,13.0004894,14.54463049,18.14398043,18.79453707
0.635416667,16.21753026,13.16780545,10.69192512,7.305936815,4.790259074,11.58372671,13.02873334,14.56045562,18.15145768,18.79754792
0.645833333,15.90911686,12.83380681,10.40640252,7.037669311,4.554497744,11.63290427,13.06777432,14.5819175,18.15276202,18.79858711
0.65625,15.69807045,12.54343574,10.116408,6.759099115,4.304107758,11.66480835,13.10440865,14.60632726,18.15381411,18.79939275
0.666666667,15.53793717,12.30572413,9.845496539,6.479206379,4.043468035,11.68640729,13.13546863,14.63111506,18.15667273,18.80014829
0.677083333,15.06785229,11.97319545,9.530783373,6.133605431,3.719651958,11.77323971,13.18366595,14.66293321,18.16350716,18.80289014
0.6875,14.73151952,11.62548757,9.212002008,5.804137525,3.400007497,11.84873637,13.24557772,14.70128528,18.16678184,18.80459238
0.697916667,14.48537125,11.31884217,8.90208561,5.48447959,3.088492498,11.90250326,13.30311081,14.74252015,18.17279294,18.80704035
0.7083333,14.28997873,11.062283,8.617058866,5.178835222,2.788514763,11.93886909,13.3569502,14.78606213,18.17736867,18.80880652
0.71875,13.7936887,10.70797025,8.288099805,4.811987111,2.442049986,12.05766942,13.43291224,14.83901584,18.18833807,18.81369691
0.729166667,13.43523737,10.34568486,7.961517035,4.472534743,2.118720106,12.1598975,13.52552113,14.90003065,18.19580423,18.81791793
0.739583333,13.17406739,10.02948222,7.649687076,4.152339172,1.821283854,12.23322151,13.6118162,14.96453788,18.20483533,18.82182167
0.75,12.97074116,9.767841177,7.367341415,3.853882733,1.551807799,12.28350374,13.68953239,15.03026325,18.21666103,18.82890552
0.760416667,12.29577869,9.467285948,7.127695033,3.609641491,1.333790944,12.49325261,13.77760772,15.08836001,18.22389716,18.83255301
0.770833333,11.85979337,9.100956879,6.865036659,3.375065641,1.143444218,12.65068088,13.90077959,15.15752772,18.23489209,18.83808178
0.78125,11.57715073,8.773324597,6.591792657,3.141397603,0.975039522,12.753752,14.01898683,15.23596427,18.2477693,18.84459367
0.791666667,11.38539965,8.510523992,6.334871157,2.912126247,0.824595054,12.82274089,14.11769847,15.31502695,18.26217684,18.85184693
0.802083333,10.74131786,8.238029632,6.135321198,2.75141552,0.727617773,13.05959441,14.218287,15.38051006,18.27164174,18.85600598
0.8125,10.35780076,7.906372435,5.909003826,2.583230477,0.637592706,13.22794975,14.35092697,15.45596023,18.28581718,18.86246645
0.822916667,10.13208923,7.622684221,5.673754373,2.406278554,0.551825921,13.31869835,14.47178143,15.53977781,18.30162905,18.86982167
0.8333333,9.993749141,7.408464489,5.458944911,2.229845274,0.470676716,13.37384796,14.56498689,15.62013962,18.32025648,18.8779748
0.84375,9.360943755,7.140049724,5.268761818,2.076731904,0.404302201,13.6349463,14.67605968,15.69277727,18.33749268,18.88557406
0.854166667,8.9985025,6.818161977,5.052184901,1.923237773,0.343790189,13.80782588,14.82164162,15.77760728,18.35756605,18.8935583
0.864583333,8.797627291,6.553144948,4.830702984,1.765262711,0.28745987,13.90008575,14.94598345,15.8685368,18.38058114,18.90204657
0.875,8.684240271,6.360825322,4.63370621,1.612431983,0.236396565,13.95387461,15.03849267,15.95289046,18.40606405,18.9099736
0.885416667,8.049366769,6.092775742,4.448548368,1.466957575,0.190807996,14.21918479,15.155392,16.03078603,18.43285224,18.91817964
0.895833333,7.690511427,5.771762051,4.237565107,1.32955115,0.154758535,14.39308993,15.30720455,16.12108654,18.46025753,18.92375628
0.90625,7.499810906,5.512549909,4.022852966,1.192626837,0.12451267,14.48127155,15.43274451,16.21647613,18.49071321,18.92847502
0.916666667,7.397371147,5.331090973,3.835031797,1.063922225,0.099927819,14.53308306,15.52463482,16.30069754,18.52157943,18.93165979
0.927083333,7.043587797,5.121004732,3.655461493,0.924627827,0.076543294,14.68871298,15.62329479,16.38307153,18.56009827,18.93588356
0.9375,6.843931974,4.914732193,3.486546277,0.814338015,0.063677358,14.78741544,15.72653577,16.46177523,18.5914333,18.93523298
0.947916667,6.739699058,4.75845134,3.336831486,0.723146456,0.054953101,14.8375873,15.80628354,16.53296285,18.61892029,18.93403148
0.9583333,6.686326148,4.652702654,3.215972855,0.649990336,0.048599085,14.86126955,15.86062884,16.59164118,18.64200264,18.93227897
0.96875,6.493069524,4.532110815,3.105074482,0.576323366,0.0419779,14.94634943,15.91889651,16.64466449,18.66721155,18.93086448
0.979166667,6.384908795,4.417707281,3.006366351,0.524298287,0.036452438,15.00084388,15.97714508,16.69290582,18.6840039,18.92722372
0.989583333,6.329401455,4.332411172,2.922169559,0.483951108,0.029675038,15.02584127,16.0212087,16.7345989,18.69719907,18.92345408
1,6.301357336,4.27543015,2.855776695,0.452757234,0.022326595,15.0372836,16.05107584,16.76819632,18.70750047,18.91978601
1.010416667,6.03708143,4.061973397,2.689427986,0.314118253,0.009945765,15.16894351,16.15396461,16.842818,18.77138879,18.9288813
1.020833333,5.866113945,3.876024127,2.538157463,0.25482379,0.006278949,15.26626439,16.25482337,16.91712036,18.78936538,18.91376244
1.03125,5.767957367,3.736547021,2.408671916,0.219368258,0.004652126,15.31706999,16.32954025,16.98155508,18.79765918,18.91089559
1.041666667,5.711283313,3.638855137,2.304708879,0.194499466,0.003816376,15.33673672,16.38128624,17.0333378,18.80531062,18.90885345
1.052083333,5.639680578,3.455355318,2.139225006,0.116160365,0.003094018,15.38119078,16.47063542,17.10924027,18.84499654,18.91611065
1.0625,5.585867529,3.331419293,2.006566422,0.087771612,0.002799891,15.41268149,16.53711018,17.17423993,18.84097218,18.90135023
1.072916667,5.551685466,3.249727058,1.906297247,0.066123706,0.002656033,15.42336334,16.58027582,17.22401429,18.8469888,18.8998492
1.0833333,5.529240545,3.196123222,1.833439617,0.051815823,0.002581452,15.42666437,16.60576996,17.25979049,18.84910584,18.89785635
1.09375,5.400364924,3.006025127,1.684807221,0.012124112,0.002484695,15.48951933,16.69447459,17.32607098,18.89429886,18.9013023
1.104166667,5.300582106,2.862479268,1.561331688,0.007666749,0.002442545,15.54321711,16.76813925,17.38528104,18.86454532,18.89479818
1.114583333,5.234763637,2.758261203,1.462787778,0.006006961,0.002414147,15.57212227,16.8204917,17.43263133,18.86372667,18.89786432
1.125,5.191112718,2.6840355,1.386636847,0.00518134,0.00239901,15.58704372,16.85659948,17.46958411,18.86128566,18.89668301
1.135416667,5.019328609,2.493536637,1.255034254,0.00391732,0.002379855,15.66249156,16.94377284,17.52772333,18.88041529,18.89719491
1.145833333,4.883248061,2.34252148,1.145132333,0.003521394,0.002363075,15.72909307,17.01806206,17.57967247,18.85782552,18.89648067
1.15625,4.789216307,2.227134082,1.0557774,0.003276423,0.002352893,15.77020179,17.07373183,17.62189824,18.86539262,18.89864429
1.166666667,4.724481095,2.14082839,0.984890354,0.003125494,0.002347882,15.79537016,17.11420421,17.65487717,18.86088679,18.89721727
1.177083333,4.787815641,2.001059449,0.887671626,0.002886482,0.002343406,15.77371525,17.18018176,17.69914185,18.8710082,18.89810384
1.1875,4.833239167,1.916287783,0.811896258,0.002785541,0.002339865,15.75437684,17.22283346,17.73515984,18.86063286,18.89815567
1.197916667,4.865053894,1.866307826,0.756056974,0.002718607,0.002339792,15.73618427,17.24848687,17.76226373,18.86490117,18.89921228
1.2083333,4.886795795,1.837698669,0.716717538,0.002678804,0.002342831,15.72311426,17.2624427,17.78160419,18.86206841,18.89872644
1.21875,4.857959559,1.760537286,0.665547564,0.002614615,0.002347717,15.7289345,17.29714011,17.80507235,18.86718128,18.89935407
1.229166667,4.827112717,1.704519859,0.62617683,0.00258786,0.002353924,15.73910872,17.32428721,17.82461224,18.86282494,18.89960014
1.239583333,4.803485315,1.66427412,0.596651406,0.002573007,0.002363104,15.74613507,17.34208086,17.83864812,18.8666377,18.90040672
1.25,4.785799955,1.635534648,0.575043034,0.002568548,0.002375379,15.75132627,17.35610666,17.85033385,18.86327099,18.90017435
1.260416667,4.896229186,1.60293813,0.552270527,0.002561976,0.002390787,15.69298503,17.37028383,17.86116717,18.86558683,18.90072122
1.270833333,4.978617413,1.592240307,0.536601944,0.002566854,0.002409601,15.6464156,17.37489064,17.86952498,18.86449095,18.90104431
1.28125,5.038036103,1.593290541,0.527201982,0.002578356,0.002432935,15.61306762,17.37395831,17.8749362,18.86482531,18.90136104
1.291666667,5.080844189,1.600055009,0.522653239,0.002595997,0.002461686,15.59307438,17.37038114,17.87838159,18.86448393,18.90173897
1.302083333,5.435729681,1.684839725,0.541884283,0.002643159,0.002496904,15.41705648,17.33190986,17.87182129,18.86002285,18.90151528
1.3125,5.707306552,1.782071891,0.566165893,0.002690748,0.00254109,15.27302471,17.28347701,17.86211315,18.86132278,18.90143078
1.322916667,5.903777538,1.876173055,0.593939108,0.002745964,0.002594348,15.17606921,17.23707023,17.85076555,18.85931011,18.90119755
1.3333333,6.046148264,1.960376121,0.62304327,0.002808462,0.002659031,15.10455292,17.19625216,17.83878801,18.85992521,18.90154206
1.34375,6.834425396,2.322379495,0.748152971,0.003068582,0.002734003,14.72558861,17.0281189,17.78683289,18.84158679,18.89957542
1.354166667,7.416757514,2.676374477,0.886047866,0.003347869,0.002831711,14.42498229,16.84808974,17.72388027,18.84824959,18.89874545
1.364583333,7.820084085,2.987940271,1.027495654,0.00374625,0.002950896,14.23043736,16.69076128,17.65860633,18.84357157,18.89692368
1.375,8.099855525,3.247991541,1.163810022,0.004351202,0.003100612,14.10654835,16.56134714,17.59564227,18.84634638,18.89757148
1.385416667,9.498974454,4.204952445,1.631891389,0.021692819,0.003401907,13.49479549,16.11319466,17.39193034,18.78933829,18.89015785
1.395833333,10.43743343,5.084718707,2.143429236,0.162093506,0.004301386,13.0731352,15.66720592,17.15102006,18.83359387,18.88605357
1.40625,11.02228197,5.800716986,2.646820241,0.295582814,0.006584012,12.84684862,15.31433532,16.91521489,18.74663337,18.87297573
1.416666667,11.38863852,6.351652286,3.104814402,0.419092047,0.016548401,12.72474751,15.05359506,16.70360597,18.71577205,18.90117396
1.427083333,12.69461565,7.720753483,4.15360846,0.964634839,0.13821628,12.33634098,14.4850579,16.26738017,18.53686342,18.89590557
1.4375,13.48950242,8.840584087,5.158412983,1.518735631,0.27948667,12.11387884,14.03750792,15.85477308,18.43536724,18.87347551
1.447916667,13.93800921,9.652576278,6.034916763,2.115034133,0.462440039,12.01403051,13.76342779,15.53615117,18.35582163,18.8578357
1.4583333,14.20291656,10.214972,6.749144497,2.711118291,0.696779468,11.96612587,13.60243242,15.31358347,18.30097023,18.84320093
1.46875,14.77747529,10.96907855,7.611659155,3.579950688,1.163704378,11.86932606,13.43062178,15.09984453,18.23585187,18.8139402
1.479166667,15.16937493,11.57044881,8.339932226,4.351059642,1.67955489,11.80148807,13.30774485,14.94867047,18.20682157,18.80165801
1.489583333,15.45249725,12.01869767,8.933307823,5.027279402,2.212606973,11.76292424,13.23032876,14.84648164,18.18618453,18.79476182
1.5,15.69256213,12.36106004,9.405763508,5.602009283,2.730090839,11.72654249,13.18149078,14.78615005,18.17378195,18.78859469
1.510416667,16.11166412,12.7223522,9.823323257,6.113901596,3.235009137,11.67677303,13.13221213,14.72818133,18.16169151,18.78535699
1.520833333,16.439311,13.07716184,10.20161684,6.547028255,3.685673069,11.63566942,13.08807896,14.68527357,18.15400147,18.78267055
1.53125,16.70790899,13.39184669,10.54641242,6.925368795,4.08388739,11.61030815,13.04987397,14.64499973,18.14723373,18.7811925
1.541666667,16.93887665,13.66510017,10.85551413,7.260278245,4.436022208,11.57808848,13.02113741,14.61859616,18.1432063,18.77851893
1.552083333,17.06478637,13.78927853,11.02376535,7.439199286,4.646093496,11.56952754,13.01079662,14.60322203,18.14457242,18.78040783
1.5625,17.18047475,13.90265525,11.1617556,7.594515816,4.821899963,11.56023898,13.00213444,14.59088307,18.14142128,18.78006565
1.572916667,17.28997039,14.01260373,11.28346921,7.7262322,4.968103265,11.53850955,12.99239353,14.58045132,18.14130353,18.78044595
1.5833333,17.3868371,14.11606839,11.39442854,7.84021986,5.090157671,11.53649182,12.98199486,14.57069783,18.13687252,18.77881675
1.59375,17.04093925,13.98478031,11.35815185,7.80215996,5.076773514,11.56120346,12.98860646,14.56976853,18.14215613,18.78129862
1.604166667,16.83135633,13.78267985,11.25505713,7.745594296,5.045086185,11.58015782,13.00320592,14.57290756,18.14114558,18.78173334
1.614583333,16.71765562,13.60471821,11.11385628,7.653198235,4.989011391,11.59200314,13.01596998,14.57798416,18.13955349,18.78156099
1.625,16.65066247,13.46936569,10.96797252,7.532211271,4.905075886,11.59943908,13.02467327,14.58337064,18.13778381,18.78118335
1.635416667,16.20224032,13.16460085,10.71243388,7.267385136,4.687786209,11.64889144,13.05300623,14.59899057,18.14649599,18.78445972
1.645833333,15.89429899,12.83168665,10.42898979,7.001116224,4.454121102,11.69683275,13.09163541,14.61965628,18.14692715,18.78561452
1.65625,15.68418458,12.54182874,10.14026901,6.72492049,4.206848102,11.72725609,13.12783367,14.64322079,18.14901647,18.78648664
1.666666667,15.52410411,12.30513947,9.870269495,6.44709042,3.949958409,11.74666268,13.15859875,14.66716396,18.15169129,18.78749258
1.677083333,15.05488809,11.97344731,9.556603397,6.102367503,3.629039711,11.8308726,13.20605146,14.69773024,18.15857679,18.7903688
1.6875,14.71880047,11.62634153,9.238413994,5.774068493,3.313188307,11.90753618,13.26716884,14.73467429,18.16129996,18.79216577
1.697916667,14.47295637,11.31998198,8.928624928,5.455542184,3.006263825,11.9499943,13.32566484,14.77556059,18.16747566,18.79488023
1.7083333,14.27774826,11.06346427,8.643483898,5.150981435,2.711611125,11.98925747,13.37705811,14.8165853,18.17249781,18.7973115
1.71875,13.78272112,10.70964302,8.314446803,4.783772381,2.370356968,12.10402426,13.45174878,14.86758316,18.18383407,18.80294769
1.729166667,13.4249438,10.34778536,7.987453163,4.444300629,2.053425553,12.20286607,13.54294695,14.92648897,18.19143881,18.80763155
1.739583333,13.16452377,10.03190059,7.674912141,4.124185188,1.762616797,12.27173451,13.6285375,14.98923847,18.2013085,18.81272075
1.75,12.96186256,9.770550901,7.391702035,3.825837709,1.499555694,12.29051582,13.70548071,15.05415026,18.21771161,18.82008609
1.760416667,12.28800695,9.470191514,7.150946991,3.582026681,1.287484246,12.52525611,13.79148111,15.10911469,18.22022805,18.82374518
1.770833333,11.85271487,9.104092281,6.887224188,3.347701689,1.102640398,12.6786461,13.91317781,15.17655645,18.2317799,18.83013271
1.78125,11.57059745,8.77678614,6.613107222,3.1142811,0.939352399,12.7798013,14.0299938,15.25297482,18.24447813,18.83722022
1.791666667,11.37987537,8.514112396,6.355267758,2.885429357,0.79375803,12.84818096,14.12787399,15.33036126,18.25927759,18.84528674
1.802083333,10.73709766,8.241820886,6.154323297,2.725598239,0.700732173,13.07829673,14.22713562,15.39452043,18.26889847,18.84978387
1.8125,10.35466389,7.910398926,5.926981964,2.557921974,0.61399371,13.23746269,14.35927365,15.46873913,18.28307133,18.85660498
1.822916667,10.13018849,7.627372014,5.690820802,2.381371021,0.5309462,13.3289938,14.47800127,15.55102835,18.29952832,18.8647669
1.8333333,9.992868805,7.413750712,5.475357384,2.205440656,0.452063262,13.38921758,14.57064375,15.63002509,18.31843006,18.87357064
1.84375,9.360943689,7.145879593,5.284637404,2.053016827,0.387337806,13.64405448,14.68053078,15.70147789,18.33603471,18.88155556
1.854166667,8.998981345,6.824436571,5.067620958,1.90014842,0.328157227,13.81337791,14.8250793,15.78515722,18.35648547,18.89007434
1.864583333,8.798331797,6.559095353,4.845921181,1.743140517,0.273148645,13.90491162,14.94914147,15.87474735,18.37995547,18.89895357
1.875,8.684045,6.366627702,4.648625479,1.591422178,0.223522954,13.95799139,15.04104393,15.95822201,18.40574492,18.90739571
1.885416667,8.050501018,6.099243547,4.462411996,1.446215698,0.17925734,14.22330944,15.15687265,16.03523426,18.43295642,18.91536806
1.895833333,7.692089591,5.779593778,4.250680581,1.309086848,0.144472677,14.39440232,15.30747348,16.12482528,18.4609161,18.92098041
1.90625,7.501169284,5.52128416,4.03588635,1.172633694,0.115567041,14.48733615,15.4329704,16.21856479,18.49162129,18.92549557
1.916666667,7.399695336,5.339088325,3.847852203,1.045009729,0.092575323,14.52905973,15.52206816,16.30355866,18.52290659,18.92864131
1.927083333,7.046919394,5.129028955,3.667865816,0.90656396,0.071069106,14.68901497,15.62183417,16.38441086,18.56183285,18.93232556
1.9375,6.848080128,4.922933392,3.498554607,0.797297799,0.059333079,14.78460321,15.72467445,16.46240434,18.59336498,18.93126776
1.947916667,6.744365832,4.766968178,3.348509548,0.707086324,0.051304391,14.83674349,15.80382398,16.53327781,18.62090573,18.93004064
1.9583333,6.691538772,4.661662963,3.227428844,0.634826862,0.045330529,14.86060888,15.85788585,16.59158924,18.64394575,18.92813061
1.96875,6.498539877,4.541322542,3.116425696,0.56194162,0.038844643,14.94530037,15.91571092,16.64432236,18.66926557,18.92635383
1.979166667,6.390691746,4.427165578,3.017596723,0.51071901,0.03282912,14.9976689,15.97360469,16.69221562,18.68591314,18.92250767
1.989583333,6.335164509,4.341952369,2.933258154,0.471091504,0.025391034,15.02490818,16.01748491,16.73355712,18.69923108,18.91862321
2,6.306955307,4.285091099,2.866785394,0.440470412,0.018435625,15.03771495,16.0474161,16.76720473,18.70828542,18.91290848
2.010416667,6.042428744,4.071579191,2.700309467,0.30250045,0.008460425,15.16665868,16.14980247,16.84128117,18.77333664,18.92461444
2.020833333,5.871020582,3.885264173,2.548646992,0.244842904,0.0056111,15.26349044,16.25046825,16.91532217,18.79034875,18.90783852
2.03125,5.77251769,3.745296481,2.418608223,0.210485288,0.004295062,15.31315237,16.32622809,16.97967839,18.79938894,18.90686657
2.041666667,5.715400653,3.647121123,2.314025444,0.186182445,0.003601893,15.33579209,16.37643775,17.03144917,18.8045675,18.90423674
2.052083333,5.643760107,3.46329593,2.147919856,0.108457204,0.00298932,15.37644815,16.46565045,17.10709204,18.84472661,18.91089812
2.0625,5.589720553,3.338921926,2.014563675,0.079313638,0.002741043,15.40663384,16.53246722,17.17241525,18.8409716,18.89652131
2.072916667,5.555281292,3.256777856,1.913594155,0.057856983,0.002616496,15.41871742,16.57419126,17.22102634,18.84723573,18.89470808
2.0833333,5.532712555,3.202805339,1.840115469,0.04386769,0.002550807,15.4239531,16.60514813,17.26171119,18.84643558,18.89655422
2.09375,5.40402407,3.012509054,1.690847448,0.010429821,0.002468113,15.48299991,16.68909022,17.32385542,18.89367654,18.89639697
2.104166667,5.304151798,2.868649604,1.566721385,0.006957136,0.002428678,15.53643446,16.76276341,17.38314537,18.85961937,18.89011728
2.114583333,5.238214064,2.764085695,1.467542591,0.005573928,0.002401001,15.56526699,16.81536266,17.4305564,18.86148497,18.8936174
2.125,5.19445805,2.68952576,1.390803007,0.004872595,0.002385675,15.57931331,16.85126641,17.46719868,18.85895743,18.89214656
2.135416667,5.022854826,2.498777607,1.258550278,0.00377513,0.002367534,15.65615296,16.93883864,17.52600441,18.87726458,18.89263505
2.145833333,4.886758856,2.347417437,1.147999352,0.003422631,0.002351107,15.72204508,17.01328726,17.57814634,18.85474107,18.8918969
2.15625,4.792623091,2.231653185,1.058022133,0.003199516,0.002340807,15.76257669,17.06886422,17.62039065,18.86230253,18.89402754
2.166666667,4.727781447,2.144983664,0.986565744,0.00306133,0.002335358,15.78933755,17.11035767,17.65461409,18.85814047,18.89245737
2.177083333,4.791119825,2.004860438,0.888718407,0.00283934,0.002330865,15.76625871,17.17557757,17.6979316,18.86792245,18.89338584
2.1875,4.836396808,1.919712341,0.812360151,0.002745413,0.002326858,15.74635908,17.21866994,17.73401556,18.85759621,18.89340594
2.197916667,4.868068273,1.869354171,0.755992751,0.002682623,0.002325943,15.72616372,17.24898314,17.76339272,18.862258,18.89385817
2.2083333,4.889712005,1.840403633,0.716196083,0.002644862,0.002327728,15.7123838,17.26046241,17.78139002,18.85887588,18.89357834
2.21875,4.860786132,1.762988752,0.664572771,0.002583964,0.002331196,15.72167626,17.29297582,17.80426868,18.86399958,18.89446336
2.229166667,4.829839245,1.706698058,0.624802289,0.002558063,0.002335424,15.73188505,17.32106084,17.8241795,18.85967055,18.89457978
2.239583333,4.806120725,1.66619851,0.594935587,0.002543098,0.002341993,15.73666487,17.33711392,17.83760925,18.86372352,18.89549507
2.25,4.788360216,1.637267804,0.573051593,0.002537667,0.002350909,15.73883591,17.35150281,17.84975698,18.85879941,18.89533681
2.260416667,4.898691043,1.604442529,0.549998158,0.002530127,0.002362111,15.68509132,17.366491,17.86063645,18.86225325,18.89557251
2.270833333,4.98103246,1.59357907,0.534103009,0.002532989,0.002375567,15.63816745,17.37110702,17.86903156,18.8610402,18.89584796
2.28125,5.040350892,1.594525996,0.524521936,0.002541711,0.002392111,15.60493894,17.36989699,17.87435807,18.86169147,18.89614325
2.291666667,5.083040131,1.601198253,0.519827847,0.002555917,0.002412262,15.58426753,17.36688804,17.87814644,18.86022385,18.89625141
2.302083333,5.437727697,1.685957203,0.539030122,0.002596402,0.002436723,15.40835949,17.32777733,17.87122167,18.85660918,18.8961374
2.3125,5.709317837,1.783270689,0.563319171,0.002637115,0.002467484,15.26357389,17.27905817,17.86148705,18.85769008,18.89597035
2.322916667,5.905765961,1.877516273,0.591142902,0.002683888,0.002503769,15.16471896,17.23254937,17.85005671,18.85596967,18.89568784
2.3333333,6.048031929,1.961887611,0.620333203,0.002736229,0.0025468,15.10139908,17.1919767,17.83799274,18.85664684,18.89591787
2.34375,6.835868092,2.324156423,0.745845477,0.002962951,0.002597491,14.71613797,17.02274694,17.78586398,18.83803318,18.89398027
2.354166667,7.418512002,2.67863764,0.884216288,0.003198406,0.00266493,14.41414549,16.84199693,17.72262158,18.84470631,18.89309224
2.364583333,7.822254503,2.990824763,1.026233431,0.003519506,0.002745045,14.21940914,16.68434439,17.65689992,18.84034507,18.89110816
2.375,8.102623272,3.251579266,1.163184235,0.003975169,0.002842276,14.09720867,16.55412999,17.59388051,18.84238478,18.89174367
2.385416667,9.50125543,4.20914082,1.632637779,0.012668578,0.003029294,13.48982349,16.10516521,17.38950292,18.7805709,18.88451691
2.395833333,10.44118938,5.089796278,2.145734419,0.136702367,0.003592443,13.07220014,15.65888852,17.14827042,18.84288419,18.88327023
2.40625,11.02819856,5.806927167,2.650896896,0.278737218,0.004847316,12.84941602,15.30634488,16.91146019,18.75228959,18.86310027
2.416666667,11.39687211,6.359286805,3.110865773,0.404459971,0.00857789,12.72993116,15.04624164,16.70059238,18.71522056,18.88028836
2.427083333,12.70331332,7.730178581,4.162385882,0.949752312,0.114363053,12.35538219,14.48037069,16.26580171,18.53643735,18.89604565
2.4375,13.4998597,8.852237239,5.17060923,1.502402263,0.260614779,12.14326633,14.03781652,15.85677388,18.43369721,18.87583387
2.447916667,13.95057562,9.667222199,6.05144865,2.098437472,0.442835582,12.04991284,13.76915817,15.54320428,18.35283839,18.85191531
2.4583333,14.21759288,10.23302693,6.77074144,2.695777041,0.672837171,12.00556528,13.61357062,15.32552913,18.29632594,18.83774568
2.46875,14.79191545,10.99008824,7.638585018,3.56963725,1.136512561,11.91485869,13.44518428,15.11820841,18.23153428,18.80585182
2.479166667,15.18389163,11.59382677,8.372237792,4.345932866,1.650597326,11.85039654,13.32605995,14.97220153,18.20223358,18.79217432
2.489583333,15.46698588,12.04387724,8.970455422,5.02753196,2.183854198,11.81134809,13.2511893,14.87492682,18.18139473,18.78359031
2.5,15.70658449,12.38744491,9.446917859,5.607494303,2.703266004,11.7861719,13.20161626,14.80936342,18.16789068,18.77982438
2.510416667,16.12589273,12.74946662,9.867389341,6.124339288,3.211536632,11.73303824,13.15592537,14.75947748,18.15690881,18.77426201
2.520833333,16.45451679,13.10529165,10.24797646,6.56159743,3.66604059,11.6927351,13.11299879,14.71839106,18.14927294,18.7716872
2.53125,16.72443433,13.42112012,10.5949317,6.943551915,4.068139003,11.6634159,13.07783729,14.68387113,18.14305323,18.7684943
2.541666667,16.95706469,13.69598258,10.90611452,7.281583413,4.424049786,11.63852668,13.04895054,14.65468491,18.13787428,18.76760587
2.552083333,17.08527242,13.82222274,11.07707708,7.462880867,4.636708781,11.62966289,13.03809692,14.6394,18.13996227,18.76843885
2.5625,17.20286842,13.93762441,11.21756637,7.620911637,4.815339682,11.62051388,13.02979475,14.62740406,18.13690889,18.76809271
2.572916667,17.31400805,14.04946589,11.34157776,7.755394495,4.964550367,11.6005466,13.02018626,14.61731123,18.13685409,18.76754589
2.5833333,17.41244041,14.154574,11.45459527,7.872054522,5.08968268,11.59730564,13.00992957,14.60762229,18.13235664,18.76668388
2.59375,17.06882064,14.02550248,11.42106017,7.835809799,5.07816026,11.62044152,13.01625904,14.60660843,18.13753757,18.76917176
2.604166667,16.86054017,13.82519881,11.3202878,7.781478685,5.048682236,11.63789889,13.03021255,14.60936342,18.13655398,18.76962596
2.614583333,16.74775795,13.64853864,11.18090552,7.691334327,4.995093496,11.64904848,13.0422881,14.61385584,18.13488689,18.76943513
2.625,16.68178833,13.51412125,11.03630161,7.572399621,4.913791332,11.65199952,13.05055897,14.61890095,18.1345425,18.7693283
2.635416667,16.23477575,13.21064803,10.78256657,7.308600024,4.698007215,11.70238626,13.07772512,14.63330327,18.14178836,18.77241507
2.645833333,15.9273516,12.87866459,10.5002579,7.04355708,4.466308148,11.74688427,13.11495921,14.6527918,18.14295046,18.77368202
2.65625,15.71696789,12.58885169,10.21223073,6.768603352,4.221364866,11.77530271,13.14982536,14.67495565,18.14441226,18.77457872
2.666666667,15.55738361,12.35204729,9.941921369,6.491426505,3.966836941,11.79611644,13.17929363,14.69739076,18.14679895,18.77564267
2.677083333,15.08848478,12.02021536,9.628162598,6.146638199,3.647971939,11.87498414,13.22500035,14.72625414,18.15369324,18.7787947
2.6875,14.75212905,11.67253084,9.309251147,5.818140808,3.334426346,11.94226589,13.28419281,14.7613602,18.15741088,18.78109839
2.697916667,14.50576306,11.36526869,8.998168186,5.499091819,3.029498796,11.98966914,13.34054616,14.7999217,18.16223133,18.78335644
2.7083333,14.3099433,11.10750811,8.711295332,5.193666096,2.736237344,12.02520261,13.39049816,14.83893846,18.16748791,18.78594481
2.71875,13.81482147,10.75264952,8.38050052,4.824652242,2.395593941,12.13544574,13.46276583,14.88738976,18.1786162,18.79191501
2.729166667,13.45617147,10.38941411,8.051238197,4.483289053,2.078415346,12.23052509,13.55145303,14.94359082,18.18610761,18.79666751
2.739583333,13.19473622,10.071815,7.735965486,4.16105935,1.786702434,12.29384981,13.63468434,15.00362491,18.19671774,18.80227425
2.75,12.99076975,9.808678782,7.449715126,3.860333675,1.522345427,12.32661508,13.71170592,15.06795059,18.20737933,18.80940327
2.760416667,12.31514738,9.506257061,7.205657504,3.614084897,1.308705071,12.54217579,13.79462601,15.11935426,18.21460465,18.81377846
2.770833333,11.87763614,9.137740266,6.938586656,3.377118557,1.122125332,12.69165716,13.91450312,15.18491955,18.22599559,18.82055295
2.78125,11.59383066,8.808169767,6.660529081,3.140711703,0.957048355,12.79737194,14.02902915,15.25884375,18.23840752,18.82792174
2.791666667,11.40145193,8.543084882,6.399165954,2.908889982,0.809548373,12.8583399,14.12660114,15.3349434,18.25355433,18.83658904
2.802083333,10.75633841,8.268427344,6.194837713,2.746500198,0.714376321,13.08400699,14.22543548,15.39829767,18.26319203,18.84137737
2.8125,10.37163055,7.934598241,5.964263119,2.576172313,0.625583053,13.23880002,14.35698874,15.47155736,18.27719976,18.84867082
2.822916667,10.14531972,7.649286682,5.724862232,2.396918296,0.540525123,13.3343213,14.47523659,15.5524997,18.29406847,18.85709616
2.8333333,10.00720689,7.433938755,5.506193944,2.218106546,0.459503801,13.39000059,14.5677034,15.63095703,18.31289665,18.86641098
2.84375,9.373322744,7.164368635,5.313075827,2.063373124,0.392640886,13.64586572,14.67705864,15.70183398,18.33089131,18.8749126
2.854166667,9.009724973,6.84109738,5.09373533,1.908359023,0.331598716,13.81330571,14.82139144,15.78477502,18.35156939,18.8839333
2.864583333,8.805807052,6.574241875,4.87054753,1.749704295,0.275122573,13.90639108,14.94556329,15.87373444,18.37527444,18.89361067
2.875,8.690835876,6.379890963,4.670896871,1.596271537,0.224339405,13.95668842,15.03738439,15.95634477,18.40110317,18.90246469
2.885416667,8.056905042,6.110980496,4.482478692,1.449340654,0.179167232,14.22309834,15.15325985,16.0336353,18.42885275,18.91090214
2.895833333,7.697831123,5.79060294,4.268798777,1.310639241,0.14369394,14.39090981,15.30313967,16.12288169,18.45718785,18.9164477
2.90625,7.50570441,5.53092584,4.052799142,1.173145908,0.114421736,14.48382969,15.42915899,16.21630968,18.48822143,18.92127654
2.916666667,7.40219049,5.347357753,3.863683066,1.044974452,0.091373829,14.53205495,15.51977442,16.30136454,18.5201463,18.92519669
2.927083333,7.05004418,5.136914043,3.681933304,0.905315362,0.069982263,14.68791789,15.61813898,16.38164911,18.55918477,18.92871113
2.9375,6.851384058,4.930824791,3.511402481,0.795182168,0.058303212,14.77931778,15.7204101,16.45921137,18.59087203,18.92756188
2.947916667,6.747726248,4.77469188,3.360542648,0.70446364,0.050366018,14.83455194,15.79967886,16.53054531,18.6192344,18.92629823
2.9583333,6.694946817,4.669241522,3.238844401,0.631920043,0.044444496,14.85808099,15.85362034,16.58871249,18.64236603,18.92441991
2.96875,6.502035677,4.548885614,3.127392876,0.558852888,0.037978834,14.94277972,15.91134718,16.64115231,18.66774205,18.92266832
2.979166667,6.394136593,4.434491339,3.028212561,0.507646502,0.03182253,15.00079117,15.96927225,16.68909796,18.68443094,18.91864133
2.989583333,6.33866665,4.349337144,2.943516306,0.467976009,0.024242938,15.0214736,16.01296763,16.73035689,18.69758937,18.91487277
3,6.310283894,4.2923961,2.876755145,0.437346182,0.017468618,15.03223214,16.04251746,16.76321696,18.70774741,18.91071858
3.010416667,6.045917602,4.079014305,2.710169119,0.299338474,0.008138831,15.1641134,16.14496012,16.83757159,18.77232316,18.92080098
3.020833333,5.87451057,3.892625336,2.558243356,0.242171298,0.005468753,15.26034804,16.24560111,16.91135818,18.78919086,18.90349522
3.03125,5.775945926,3.752493148,2.427847663,0.208095178,0.004220546,15.30952715,16.32069295,16.9755526,18.79749555,18.9026874
3.041666667,5.718746926,3.654127386,2.322877695,0.183887542,0.003558683,15.33186528,16.37207625,17.02734691,18.80383855,18.90050396
3.052083333,5.647233617,3.470273909,2.156452394,0.106264444,0.002971217,15.3727625,16.46029545,17.10286688,18.84325674,18.90660562
3.0625,5.5932171,3.345762181,2.022698766,0.076952381,0.002733147,15.40242708,16.5271552,17.16812808,18.83962685,18.89225937
3.072916667,5.558758328,3.263449057,1.921315381,0.055544484,0.002612503,15.41703597,16.56884918,17.21690351,18.84570239,18.89076545
3.0833333,5.536135538,3.209354025,1.847474519,0.04162857,0.002548582,15.40251858,16.58674171,17.24792094,18.85384132,18.88331148
3.09375,5.407710873,3.01906254,1.697868087,0.010040542,0.002469311,15.47848859,16.68348907,17.31954175,18.89176745,18.89218251
3.104166667,5.307914007,2.875079121,1.573345695,0.006792805,0.00243003,15.53238467,16.75710381,17.37881834,18.85623049,18.88593971
3.114583333,5.241987889,2.770346036,1.473756761,0.005473493,0.002402097,15.56021036,16.80970037,17.42667005,18.85908732,18.88973568
3.125,5.198258502,2.695612073,1.396622632,0.004801564,0.002386349,15.57775735,16.84475479,17.46148646,18.85292381,18.88698745
3.135416667,5.026847999,2.504779265,1.263957986,0.003743872,0.002368295,15.65129293,16.93326315,17.52194452,18.87470643,18.88851994
3.145833333,4.890838074,2.353236855,1.152966156,0.003401269,0.002351764,15.71675141,17.00766868,17.57409952,18.85216121,18.88776947
3.15625,4.796708817,2.237249566,1.06254871,0.003184797,0.002341231,15.75799189,17.06382322,17.61660158,18.85989847,18.88974326
3.166666667,4.731827918,2.150350793,0.990675789,0.003049279,0.002335485,15.78340453,17.10412163,17.65023126,18.85504153,18.88840397
3.177083333,4.795316689,2.01003314,0.892385053,0.002831069,0.002330866,15.76083812,17.17024661,17.69430269,18.86532583,18.88920989
3.1875,4.840652447,1.924662464,0.815597447,0.002738736,0.002326599,15.74093389,17.2134553,17.73056755,18.85495742,18.88921586
3.197916667,4.872370075,1.87408683,0.75884157,0.002676848,0.002325317,15.71309478,17.24522323,17.75897703,18.8587103,18.88981311
3.2083333,4.893788219,1.845015496,0.718708877,0.002639383,0.002326622,15.71281935,17.25219349,17.77732573,18.8560551,18.88985521
3.21875,4.865012416,1.76738974,0.666740971,0.002578994,0.002329584,15.71581674,17.28803384,17.80110616,18.86145941,18.89021235
3.229166667,4.834133794,1.710922109,0.626666818,0.002553102,0.002333133,15.72595257,17.31510117,17.82067658,18.85752755,18.89046052
3.239583333,4.810436577,1.670276738,0.596542195,0.002537904,0.002338849,15.73063147,17.33421803,17.83569377,18.85961176,18.89103954
3.25,4.792624761,1.641176172,0.574419504,0.00253203,0.002346705,15.74293151,17.34705214,17.84661987,18.857314,18.89077603
3.260416667,4.902997897,1.608238463,0.551169206,0.00252396,0.002356592,15.67914171,17.36159633,17.85773764,18.85954207,18.89125958
3.270833333,4.985388161,1.597275107,0.535100813,0.002526068,0.00236843,15.63227672,17.36625415,17.86614672,18.8584421,18.89150071
3.28125,5.044810712,1.598064464,0.525356247,0.002533783,0.002382952,15.59979942,17.36519927,17.87176959,18.85880701,18.89178559
3.291666667,5.0875413,1.60469328,0.520540142,0.002546782,0.002400592,15.5761171,17.36172069,17.87499093,18.85824886,18.89192415
3.302083333,5.442083044,1.689494864,0.539719551,0.002585238,0.002421973,15.40228355,17.32298108,17.86850446,18.85383934,18.89174574
3.3125,5.71362736,1.786905269,0.564026248,0.002623755,0.002448958,15.25752,17.27413298,17.85871857,18.85491747,18.89157632
3.322916667,5.910044779,1.881285256,0.591902025,0.002667926,0.002480603,15.15827248,17.2274744,17.84726007,18.85318274,18.89127199
3.3333333,6.052257955,1.965804548,0.621171587,0.002717154,0.002517871,15.09177616,17.18661945,17.83524824,18.85380552,18.89148122
3.34375,6.839766387,2.328301148,0.747001398,0.00293438,0.002562046,14.7105753,17.01737925,17.78295134,18.83519592,18.88953749
3.354166667,7.422453431,2.683174081,0.885761333,0.003157326,0.002621553,14.40913306,16.83632585,17.719504,18.84186244,18.88861381
3.364583333,7.826417151,2.995858355,1.028242519,0.003457073,0.002691719,14.21589166,16.67866366,17.65363981,18.83761381,18.88672424
3.375,8.106916601,3.257125807,1.165732894,0.003873638,0.00277605,14.09025113,16.54848901,17.59100845,18.83987884,18.88723307
3.385416667,9.505414289,4.215162352,1.636215567,0.010967859,0.002936299,13.48970586,16.09902565,17.38591676,18.77678201,18.88003997
3.395833333,10.44644491,5.096714726,2.150563215,0.126800524,0.003418732,13.07628781,15.65296586,17.14438306,18.84316935,18.87983551
3.40625,11.03511239,5.815019518,2.657224649,0.272262455,0.004475117,12.85627757,15.30095977,16.90836677,18.75512703,18.85829779
3.416666667,11.40557691,6.368722356,3.1188871,0.399132718,0.007250689,12.74009691,15.04163453,16.69859649,18.71334836,18.8719963
3.427083333,12.71278339,7.741103522,4.172723064,0.94540528,0.104146706,12.37607914,14.47887437,16.26435539,18.53442663,18.8903963
3.4375,13.51128868,8.865428379,5.184026585,1.498461636,0.252980228,12.1713527,14.04123306,15.85888008,18.43081025,18.87594594
3.447916667,13.96402072,9.683380957,6.068885016,2.095663041,0.43504773,12.0819519,13.77713663,15.54991677,18.34927299,18.84664561
3.4583333,14.23276913,10.25232411,6.792898579,2.695200918,0.664473109,12.04012358,13.62500272,15.33681315,18.29121515,18.83188603
3.46875,14.80741832,11.01199409,7.665575787,3.573610902,1.128004259,11.954304,13.4610441,15.13520666,18.22719773,18.79823662
3.479166667,15.20017508,11.61815462,8.404163858,4.354566889,1.642790408,11.89260802,13.34520603,14.99380818,18.19779411,18.78332001
3.489583333,15.48423331,12.07036968,9.006913885,5.040903044,2.177869741,11.8560601,13.27225272,14.89948837,18.17716543,18.77452438
3.5,15.72464618,12.41581016,9.487396018,5.625484237,2.700017255,11.8314721,13.22559472,14.83934086,18.16801821,18.76941093
3.510416667,16.14492329,12.7793906,9.911119834,6.146728777,3.211823155,11.78040558,13.18012329,14.78848749,18.15285828,18.763855
3.520833333,16.47498969,13.13688393,10.29454508,6.587853994,3.670046508,11.74234928,13.13843335,14.74880901,18.14555649,18.76069923
3.53125,16.74664034,13.45455072,10.64411443,6.973231197,4.075810372,11.71386768,13.1036219,14.71435988,18.13725138,18.75796298
3.541666667,16.98135407,13.73128608,10.95769266,7.314456573,4.435262022,11.6879402,13.07641711,14.68825953,18.13716905,18.75691936
3.552083333,17.1118529,13.85998328,11.13162966,7.498252141,4.650585347,11.6806458,13.06530378,14.67193382,18.13549671,18.75753619
3.5625,17.23141471,13.97761579,11.27485298,7.659019363,4.831975928,11.67018871,13.05765412,14.66059811,18.13249266,18.75715942
3.572916667,17.34428665,14.09150529,11.40136934,7.796237661,4.984032405,11.64752871,13.04909814,14.65104813,18.12983009,18.75676325
3.5833333,17.44520509,14.19876692,11.51668343,7.915516376,5.112022718,11.65050412,13.03713594,14.64021411,18.12831374,18.75585097
3.59375,17.10321757,14.07197428,11.48600752,7.881367844,5.102561707,11.67053208,13.04368261,14.63968316,18.13315588,18.7581158
3.604166667,16.8959742,13.87330619,11.38758753,7.829374274,5.075401229,11.68663592,13.05697761,14.64206559,18.13218247,18.75855768
3.614583333,16.78400225,13.69776855,11.24996694,7.741456054,5.024306155,11.69683391,13.06839735,14.64604007,18.13046448,18.75836628
3.625,16.71874781,13.56420765,11.10664795,7.624443787,4.945493636,11.70241532,13.0755966,14.65010207,18.12970177,18.75816949
3.635416667,16.27304628,13.26175473,10.85445471,7.361798028,4.731493181,11.74739984,13.10208263,14.66397019,18.13733755,18.76143359
3.645833333,15.96614373,12.93008149,10.57310134,7.097996712,4.501870317,11.78861007,13.13808424,14.68243199,18.13861967,18.76286367
3.65625,15.75640289,12.64050141,10.28508619,6.823838447,4.259074953,11.81536148,13.17172505,14.70340221,18.13938131,18.76365846
3.666666667,15.59750733,12.4039483,10.01433568,6.546826823,4.006276902,11.84458815,13.19750445,14.72363828,18.14042012,18.76447684
3.677083333,15.12843597,12.07202622,9.700715428,6.201995856,3.688751679,11.91049685,13.24332594,14.751607,18.14918265,18.76814153
3.6875,14.79156809,11.72358698,9.381215124,5.873346047,3.376197246,11.97684899,13.30018043,14.78463427,18.15251212,18.7702553
3.697916667,14.54500599,11.4151599,9.068763864,5.553760738,3.07165889,12.01734432,13.35511595,14.82162644,18.15791578,18.77273533
3.7083333,14.34889184,11.15644512,8.779865043,5.247061613,2.778036788,12.03553293,13.40485742,14.86021152,18.1648977,18.77581379
3.71875,13.8527944,10.80037475,8.447533562,4.87644641,2.436547091,12.16016611,13.47277979,14.90453594,18.17352005,18.78145348
3.729166667,13.49258131,10.43524692,8.116067795,4.533331652,2.117986137,12.24930986,13.55914616,14.95835243,18.18117568,18.78635285
3.739583333,13.22934713,10.11542129,7.79792194,4.209002178,1.824466285,12.31619378,13.64049944,15.01604348,18.1902485,18.79197046
3.75,13.02470239,9.850072465,7.508315445,3.905728807,1.557877421,12.364351,13.71303086,15.07432953,18.20066053,18.79856097
3.760416667,12.34640111,9.54534906,7.260841171,3.656727606,1.341612681,12.55382843,13.796557,15.12749511,18.20889022,18.80415968
3.770833333,11.90605713,9.174047567,6.990235657,3.416784409,1.152165604,12.70018356,13.91430538,15.19103234,18.21994796,18.81117741
3.78125,11.61965698,8.841175814,6.708447807,3.17729252,0.984127072,12.79831776,14.02826598,15.26377504,18.232924,18.81911067
3.791666667,11.4248942,8.573297413,6.443230833,2.942214352,0.833627381,12.86406581,14.12464212,15.3379558,18.24764423,18.82792983
3.802083333,10.77732517,8.295894768,6.23495504,2.776532849,0.735257638,13.08678194,14.22280792,15.40041015,18.25715592,18.83290386
3.8125,10.39011631,7.959357743,6.000757995,2.602859448,0.643391591,13.2405123,14.35357175,15.47271526,18.27120097,18.84060932
3.822916667,10.16161189,7.67149437,5.757932726,2.420339695,0.555432676,13.33293256,14.47180762,15.55284736,18.2878316,18.84936407
3.8333333,10.02175381,7.453957159,5.536053309,2.238341519,0.471603764,13.39136963,14.56357316,15.63061191,18.30716601,18.85920319
3.84375,9.385848014,7.182328948,5.340109875,2.080721941,0.402065548,13.64512357,14.67312469,15.70110473,18.32516209,18.86814863
3.854166667,9.020167895,6.857336141,5.118163359,1.923027278,0.33871975,13.81238079,14.81706201,15.78357206,18.34603564,18.87789944
3.864583333,8.816413444,6.588474209,4.891879867,1.761622611,0.280261786,13.90336732,14.94111958,15.87217285,18.37000693,18.88793813
3.875,8.700947018,6.393514147,4.689941746,1.605539818,0.227726351,13.95468197,15.03264146,15.95460798,18.39621383,18.8976056
3.885416667,8.064560726,6.123434847,4.500433375,1.457031167,0.181326616,14.22043322,15.1486921,16.03147521,18.42416872,18.90650093
3.895833333,7.702973309,5.801790919,4.285738881,1.317080502,0.144953516,14.39177242,15.29923701,16.12018422,18.45260575,18.91274512
3.90625,7.509895147,5.540513402,4.068172823,1.178464356,0.115078409,14.48383752,15.42415,16.21325914,18.48397201,18.91812095
3.916666667,7.407249149,5.356395502,3.877081002,1.048746307,0.091552958,14.52707836,15.51605754,16.29832072,18.51632666,18.92135217
3.927083333,7.053944265,5.145212069,3.694487815,0.908158552,0.069940447,14.68532612,15.61371539,16.37849672,18.55572705,18.92546708
3.9375,6.854554224,4.938242217,3.523072536,0.797320615,0.058163718,14.78403918,15.71641754,16.45642191,18.58794131,18.92435865
3.947916667,6.750595258,4.781505391,3.371273945,0.705974065,0.050182909,14.83163908,15.7954529,16.52703771,18.61608927,18.92323863
3.9583333,6.697286253,4.675521212,3.248802566,0.632894852,0.044239844,14.85724679,15.84970179,16.58527314,18.63960375,18.92147284
3.96875,6.504286798,4.554878689,3.1367209,0.55937375,0.037774488,14.94041485,15.90732546,16.63777942,18.66533294,18.91960642
3.979166667,6.396345243,4.440293575,3.037032482,0.507853384,0.031589242,14.99384788,15.96515471,16.68554565,18.68221396,18.91558141
3.989583333,6.340847335,4.354967513,2.951928201,0.46796947,0.02398556,15.01700879,16.00880374,16.72687991,18.69542361,18.91182814
4,6.312460737,4.297949132,2.884854287,0.437175852,0.017249712,15.026759,16.03838351,16.76016838,18.70576144,18.90756869
4.010416667,6.048194934,4.084651625,2.718148487,0.298897006,0.008073593,15.16137229,16.14067294,16.83389408,18.77054488,18.91763144
4.020833333,5.876839558,3.898206086,2.565994206,0.241782353,0.005441504,15.25757628,16.24103117,16.90749716,18.78729754,18.89986474
4.03125,5.778281839,3.757963161,2.435309502,0.207707106,0.004207765,15.30636203,16.3160441,16.97159684,18.79562643,18.89907284
4.041666667,5.720985527,3.659446404,2.330040714,0.183459434,0.003552436,15.32919231,16.36700291,17.02336029,18.80156968,18.89670439
4.052083333,5.649638476,3.475630488,2.163397314,0.105777522,0.002970409,15.36951401,16.45570633,17.09877135,18.84158985,18.90298494
4.0625,5.595726741,3.351069347,2.029368493,0.076408076,0.002734243,15.3994062,16.5224503,17.16396706,18.83786711,18.88861847
4.072916667,5.561320548,3.268693485,1.927708139,0.054972629,0.002614237,15.41024358,16.56388377,17.21258067,18.84403869,18.88688226
4.0833333,5.538737043,3.214496329,1.853582937,0.041051528,0.002550922,15.41162724,16.59470684,17.25286179,18.84421705,18.88901455
4.09375,5.410460335,3.024275374,1.703776825,0.009950895,0.002472112,15.47471184,16.67863715,17.31533938,18.88989052,18.8885336
4.104166667,5.310798457,2.880261914,1.579004284,0.006759049,0.002432656,15.52927561,16.75220403,17.37457885,18.85402526,18.88237717
4.114583333,5.244947747,2.775452148,1.479146548,0.005455577,0.002404465,15.55524181,16.80496241,17.42243543,18.85617468,18.8859647
4.125,5.201181182,2.700630049,1.401754241,0.004790388,0.002388452,15.57245673,16.84081052,17.45857311,18.85530143,18.88462927
4.135416667,5.029994907,2.509779737,1.268822234,0.003740079,0.002370344,15.64717317,16.92837206,17.51781832,18.87257407,18.8849249
4.145833333,4.894129049,2.358145218,1.157535965,0.003400108,0.002353686,15.71277661,17.0028638,17.57009257,18.84998794,18.88414544
4.15625,4.800083255,2.242035879,1.066819604,0.003184437,0.002342994,15.75299035,17.05841708,17.61236802,18.85733794,18.88625479
4.166666667,4.735254074,2.155013347,0.994663931,0.003049567,0.002337055,15.77828058,17.09929998,17.64613667,18.85259502,18.88472042
4.177083333,4.798912293,2.014596214,0.896071717,0.002831744,0.00233233,15.75645385,17.16544207,17.69044924,18.86306154,18.8855719
4.1875,4.844364092,1.929099984,0.818987304,0.002739625,0.002327901,15.73658861,17.20871558,17.72681064,18.85273341,18.88558254
4.197916667,4.876062313,1.878415862,0.761958183,0.00267774,0.00232643,15.7123389,17.2427078,17.75634716,18.85880717,18.88555407
4.2083333,4.897563888,1.849237273,0.721597335,0.002640237,0.002327503,15.7060514,17.24877468,17.77382269,18.85388703,18.88594488
4.21875,4.868914073,1.771518805,0.66939026,0.002579743,0.002330232,15.71171145,17.28350185,17.79760019,18.85911922,18.88655817
4.229166667,4.838117236,1.714956126,0.629103996,0.002553711,0.002333491,15.72075111,17.31034034,17.81703582,18.85527495,18.88681428
4.239583333,4.814505587,1.674228432,0.598799561,0.002538318,0.002338854,15.72760222,17.32919451,17.83196541,18.85714775,18.88735672
4.25,4.796689281,1.645038492,0.57652877,0.002532177,0.002346284,15.74116107,17.34337683,17.84132512,18.85394738,18.88693732
4.260416667,4.907102257,1.612037283,0.55313317,0.002523838,0.00235568,15.67447375,17.35716165,17.85441824,18.85725311,18.88759785
4.270833333,4.989576589,1.600976326,0.536939834,0.002525618,0.002366913,15.62741634,17.36181881,17.86286135,18.85612262,18.88781204
4.28125,5.048917029,1.601829945,0.527121243,0.002533003,0.00238071,15.59455076,17.36162804,17.86768768,18.85584145,18.88798978
4.291666667,5.091626836,1.608440317,0.522242319,0.002545421,0.002397447,15.57205227,17.35415152,17.87467784,18.85899529,18.88887231
4.302083333,5.446123589,1.693217385,0.541405557,0.002583339,0.002417773,15.39762067,17.31846399,17.86535694,18.85158038,18.88808943
4.3125,5.71764893,1.790670084,0.565719708,0.002621093,0.002443462,15.25306076,17.26964714,17.85556085,18.85266386,18.8879031
4.322916667,5.914061184,1.885134709,0.593630029,0.002664399,0.002473547,15.15524099,17.22326468,17.84401234,18.8506779,18.88756176
4.3333333,6.056251507,1.969754679,0.622956571,0.002712603,0.002508907,15.09034375,17.18283461,17.83167748,18.85068377,18.88763879
4.34375,6.843510721,2.332411003,0.749018418,0.002927266,0.002550959,14.7067106,17.0127562,17.7796946,18.83284095,18.88585931
4.354166667,7.426156036,2.68758058,0.888072318,0.003146503,0.002607914,14.40537556,16.83157163,17.71620562,18.83962649,18.88494349
4.364583333,7.830244977,3.000648685,1.030909737,0.003439896,0.002674913,14.21271121,16.67317897,17.65057008,18.83459772,18.88301087
4.375,8.110890228,3.262323316,1.168800262,0.003844856,0.002755186,14.09040213,16.54314049,17.58701867,18.83722737,18.88355074
4.385416667,9.509365515,4.220747156,1.640061931,0.010519807,0.002907296,13.49113552,16.09443055,17.38240461,18.77417439,18.87635083
4.395833333,10.45126926,5.103114781,2.155401254,0.123306187,0.003364725,13.08153959,15.64878818,17.14108332,18.84168353,18.87647862
4.40625,11.04128605,5.822519742,2.663296674,0.270162683,0.004362757,12.864645,15.29743242,16.90522597,18.75460493,18.854602
4.416666667,11.41319535,6.377454212,3.126376383,0.397648351,0.006880425,12.74980462,15.03958621,16.69446653,18.71096271,18.8674025
4.427083333,12.72127127,7.751156445,4.182186424,0.945228823,0.10031782,12.3954365,14.47934387,16.2634293,18.53181744,18.88597699
4.4375,13.52165864,8.877646944,5.196216564,1.499434821,0.250754111,12.19661713,14.04617226,15.86133374,18.4276714,18.8740899
4.447916667,13.97629034,9.698403633,6.084688325,2.09833383,0.433360076,12.11077363,13.78623705,15.55656849,18.34570562,18.84169782
4.4583333,14.2466743,10.27026241,6.812928148,2.70029083,0.662955941,12.07049341,13.63655611,15.34705867,18.2881175,18.82550572
4.46875,14.8218746,11.03231543,7.689994322,3.582773333,1.127481539,11.98792364,13.47683265,15.15080789,18.22296153,18.79119358
4.479166667,15.21562156,11.64081602,8.433055316,4.367911269,1.643966376,11.92854198,13.36388412,15.01343208,18.19321545,18.77493955
4.489583333,15.50067686,12.09515647,9.040041503,5.058519302,2.181494945,11.88833372,13.29385621,14.92300488,18.17340545,18.76593807
4.5,15.74237446,12.44251181,9.52414431,5.64717257,2.706675369,11.86921819,13.24621776,14.86106508,18.16005321,18.75950632
4.510416667,16.16400615,12.80783913,9.950959087,6.172291647,3.221937853,11.82045859,13.20299437,14.81399619,18.14814142,18.75428269
4.520833333,16.49577808,13.1671766,10.33716403,6.61687408,3.683641167,11.7833919,13.16231296,14.77541294,18.14082891,18.75094171
4.53125,16.76922512,13.48690549,10.68935464,7.005345707,4.092770712,11.75579183,13.12859993,14.74259947,18.13407823,18.74829252
4.541666667,17.00566893,13.76571204,11.00557851,7.349445719,4.455375454,11.7307001,13.10135608,14.71567491,18.12922824,18.74629486
4.552083333,17.13852397,13.89668341,11.18231827,7.53579279,4.67327207,11.72348703,13.09090973,14.70072861,18.1313083,18.74755562
4.5625,17.25999757,14.01647025,11.32812025,7.699185778,4.857294266,11.7146999,13.08308302,14.68934339,18.12843521,18.74713043
4.572916667,17.37459689,14.13231594,11.4569827,7.838966336,5.012009547,11.69366701,13.07347741,14.67944199,18.12914488,18.74705252
4.5833333,17.47617988,14.24115905,11.57446139,7.960692197,5.142627393,11.69239476,13.06400572,14.67037321,18.12371009,18.74553057
4.59375,17.13643894,14.11621721,11.54615604,7.928498653,5.135194511,11.71274299,13.06951419,14.6689065,18.12890652,18.74796538
4.604166667,16.93059602,13.91916803,11.44975238,7.878557773,5.110191633,11.7277453,13.08212821,14.67092397,18.12795509,18.74841513
4.614583333,16.81957372,13.74486439,11.31388913,7.792645102,5.061319982,11.73625155,13.09312145,14.6746503,18.12658994,18.74843844
4.625,16.75427835,13.61189876,11.17239809,7.67793721,4.984877129,11.7402248,13.10023919,14.67849243,18.12541464,18.74800254
4.635416667,16.3102693,13.31040238,10.92122041,7.416366804,4.772767097,11.78531718,13.12510286,14.69113095,18.13297899,18.75133199
4.645833333,16.00423126,12.97967709,10.6405157,7.153449554,4.545067902,11.82561678,13.15951411,14.70852399,18.13425875,18.75307073
4.65625,15.7935697,12.69154214,10.35311279,6.879631077,4.3038443,11.8519674,13.19128069,14.72822142,18.13515148,18.75359322
4.666666667,15.63501771,12.45370137,10.08261306,6.603617956,4.052401001,11.86842647,13.2183026,14.74819288,18.13786528,18.75469959
4.677083333,15.16689439,12.12132367,9.76855178,6.258872921,3.735723851,11.94195689,13.2608126,14.77403042,18.14444213,18.75798253
4.6875,14.83001056,11.77232476,9.448161445,5.929940199,3.423531727,12.00371203,13.31595798,14.80565417,18.14798139,18.76039149
4.697916667,14.58269279,11.46303129,9.134444759,5.609676156,3.118817,12.04746401,13.36790769,14.84034026,18.15276371,18.76266022
4.7083333,14.38621083,11.20309234,8.84386673,5.301943258,2.824547459,12.07615479,13.41532563,14.87606186,18.15776699,18.7652682
4.71875,13.88943349,10.84576527,8.509879357,4.929806774,2.481837125,12.18131451,13.48250609,14.91987755,18.16847905,18.77165355
4.729166667,13.52793963,10.47896003,8.176237275,4.584940929,2.161572267,12.26923012,13.56627275,14.97131609,18.17584026,18.77663658
4.739583333,13.26330944,10.157093,7.855422734,4.258535747,1.865910719,12.33165332,13.64602798,15.02698673,18.18519154,18.78250709
4.75,13.05689548,9.889739534,7.562911562,3.952815493,1.596734506,12.37916734,13.71612607,15.08294633,18.19516212,18.78932887
4.760416667,12.37653467,9.582585657,7.312180146,3.701191002,1.377551349,12.56310595,13.79868954,15.13478628,18.20331531,18.79501658
4.770833333,11.93367497,9.208561519,7.038200857,3.458369411,1.184930477,12.70648829,13.91458709,15.19666549,18.21427279,18.80226123
4.78125,11.644629,8.87293841,6.75284769,3.215771576,1.01357665,12.81510266,14.02731229,15.2676961,18.22771048,18.81048545
4.791666667,11.44782142,8.602781934,6.483945245,2.977096054,0.85954819,12.86751786,14.12244378,15.34046189,18.24172058,18.81959308
4.802083333,10.79777133,8.322392128,6.27219487,2.808348561,0.757698894,13.08784624,14.22017158,15.40207999,18.25124203,18.82476249
4.8125,10.40805274,7.98296673,6.034612683,2.63153471,0.662609317,13.24105623,14.35026246,15.4735365,18.2653264,18.83283522
4.822916667,10.17735311,7.692471065,5.788463837,2.445881023,0.5716551,13.33624751,14.46773574,15.55278283,18.28243051,18.84200294
4.8333333,10.03553883,7.472679812,5.563470424,2.260762845,0.484948729,13.39063481,14.5600938,15.62999134,18.30123839,18.85221775
4.84375,9.397661875,7.198970824,5.364738347,2.100248621,0.412720473,13.64288684,14.66949949,15.70021503,18.31941443,18.86165703
4.854166667,9.030080457,6.871911695,5.140279132,1.93989433,0.34704427,13.81204679,14.81320301,15.78218238,18.34036906,18.87202801
4.864583333,8.825359101,6.601387803,4.911287578,1.775840419,0.286573747,13.90290437,14.93710973,15.87046358,18.36449899,18.8826228
4.875,8.708517212,6.405200483,4.707356412,1.617438667,0.232307953,13.95218818,15.02884437,15.95244063,18.39100981,18.89284987
4.885416667,8.070414946,6.13399803,4.516252349,1.467099773,0.184560236,14.21736821,15.14495689,16.02937639,18.41929675,18.9023542
4.895833333,7.708315937,5.810400325,4.299829545,1.325624682,0.147161853,14.38794869,15.29533872,16.11776158,18.44806048,18.90914585
4.90625,7.51425857,5.548961138,4.080616608,1.185269406,0.116422566,14.4850317,15.41992147,16.21091957,18.47980792,18.91468815
4.916666667,7.410505956,5.363940463,3.888618049,1.054335708,0.092314579,14.52888293,15.51193251,16.29480899,18.51220793,18.91844052
4.927083333,7.056503805,5.15181222,3.705083824,0.912800303,0.07034974,14.68260656,15.61008913,16.37565945,18.55200432,18.92256875
4.9375,6.85666783,4.944136648,3.53272229,0.801114854,0.058377151,14.77295458,15.71235732,16.45336844,18.58425651,18.92155095
4.947916667,6.752224899,4.78695686,3.380156157,0.709017864,0.050296287,14.83042179,15.79198117,16.52404094,18.61293326,18.92058825
4.9583333,6.698570934,4.680334369,3.256970398,0.635371069,0.044310492,14.85357717,15.84621962,16.58234593,18.63667803,18.91874875
4.96875,6.505557138,4.559393759,3.144282625,0.561341695,0.037836319,14.93809287,15.9039945,16.63483607,18.66262978,18.91701584
4.979166667,6.397588426,4.444609791,3.044118452,0.509440051,0.031664771,14.99591286,15.96192202,16.68290157,18.67965599,18.91309242
4.989583333,6.341912347,4.359147677,2.95865249,0.469258326,0.024062915,15.01581401,16.00553313,16.72395058,18.6930482,18.90933246
5,6.313592607,4.301984259,2.89127821,0.438264397,0.017299813,15.02665943,16.03511414,16.75727199,18.70343986,18.90510577
5.010416667,6.049482858,4.088786267,2.724469127,0.299620633,0.008096049,15.15866273,16.13717907,16.83068635,18.76852905,18.91494976
5.020833333,5.878258643,3.902341857,2.572139382,0.242348469,0.005453888,15.25461291,16.2373556,16.90411851,18.78533091,18.89680759
5.03125,5.779768172,3.762057861,2.441241455,0.208156446,0.004216474,15.30355936,16.31214898,16.96817934,18.7935304,18.89584545
5.041666667,5.722534682,3.663509833,2.33575651,0.183823044,0.003558957,15.3269149,16.36301332,17.01984985,18.79956374,18.8935388
5.052083333,5.651300304,3.479760447,2.168989722,0.105991009,0.002975226,15.36650258,16.45188341,17.09514257,18.83995498,18.89988418
5.0625,5.597481091,3.355195061,2.034783945,0.07659413,0.002738103,15.39676729,16.51861892,17.16033123,18.83609071,18.88553452
5.072916667,5.563128358,3.27278973,1.932932264,0.055108212,0.002617598,15.40842004,16.5600345,17.20873454,18.84263551,18.8837665
5.0833333,5.540504174,3.21856456,1.858638112,0.041150128,0.002553732,15.40502442,16.58477521,17.24398633,18.84732749,18.88128156
5.09375,5.412418047,3.028425314,1.708712068,0.009975345,0.002475046,15.47156063,16.67461696,17.31152869,18.88817009,18.88542191
5.104166667,5.312904458,2.884407826,1.583769905,0.006775144,0.002435362,15.52585994,16.74824483,17.37084609,18.85225217,18.87917121
5.114583333,5.247135958,2.779560911,1.483724259,0.005468561,0.002406964,15.55168451,16.80067573,17.41832017,18.85420376,18.88294184
5.125,5.203432975,2.704696188,1.406148797,0.004801535,0.002390791,15.56793104,16.83643749,17.45503001,18.85342162,18.88170036
5.135416667,5.032416002,2.513872459,1.273043343,0.003747062,0.002372587,15.64364406,16.92419813,17.51397189,18.87072891,18.88178794
5.145833333,4.896691864,2.362198014,1.161556271,0.003406197,0.002355813,15.70917627,16.99866604,17.56625994,18.84808554,18.8810069
5.15625,4.802744606,2.246022621,1.070632755,0.003189954,0.002345,15.74934535,17.0542241,17.60855393,18.85536326,18.88309448
5.166666667,4.737969174,2.158924248,0.998272853,0.003054678,0.002338952,15.78021083,17.09839323,17.64567937,18.85466346,18.8818779
5.177083333,4.801787958,2.01846066,0.899473076,0.002835871,0.002334121,15.75287691,17.16127789,17.68674479,18.86128822,18.8824469
5.1875,4.847381932,1.932897615,0.822182416,0.002743421,0.002329588,15.73270279,17.20453489,17.72328735,18.85080264,18.88243722
5.197916667,4.8791733,1.882178639,0.764971954,0.002681268,0.002327998,15.71713442,17.23024445,17.7507357,18.8550089,18.88341992
5.2083333,4.900727476,1.852902099,0.724423813,0.00264359,0.002328964,15.70268517,17.24423758,17.77014775,18.85187811,18.88284561
5.21875,4.872187933,1.775153258,0.672057639,0.002582683,0.002331567,15.70763896,17.27937076,17.79407911,18.85719907,18.8834266
5.229166667,4.841495332,1.71854611,0.631626841,0.002556481,0.002334696,15.71799714,17.30664743,17.81387706,18.85268424,18.88360591
5.239583333,4.817904146,1.677764037,0.601190565,0.00254093,0.002339918,15.72534879,17.32544371,17.82871963,18.85510188,18.88413475
5.25,4.800228844,1.648549741,0.578811982,0.002534624,0.00234719,15.72812645,17.33835637,17.83980704,18.85360458,18.88410263
5.260416667,4.910686589,1.615512112,0.555322189,0.002526099,0.002356412,15.6703961,17.35312727,17.85112194,18.85536722,18.88449353
5.270833333,4.993197239,1.604403139,0.539044662,0.002527724,0.002367455,15.62339571,17.3577757,17.85958131,18.85430253,18.88472176
5.28125,5.052701945,1.605112338,0.52912395,0.002534887,0.00238102,15.59084235,17.35678045,17.86517932,18.85456095,18.88503686
5.291666667,5.095536423,1.611656144,0.52415135,0.002547257,0.002397523,15.5675819,17.35333105,17.86862901,18.85408023,18.88514811
5.302083333,5.449891617,1.696539859,0.543320787,0.002585074,0.002417559,15.39369691,17.31460599,17.86212662,18.84958273,18.88498041
5.3125,5.721285781,1.794085453,0.567669618,0.002622714,0.00244294,15.25029025,17.2657139,17.85235545,18.85068377,18.88480058
5.322916667,5.917606405,1.888649776,0.595631814,0.002665913,0.002472666,15.15098245,17.21901106,17.84089439,18.84881883,18.88450752
5.3333333,6.059781025,1.973372978,0.625022204,0.002713976,0.002507603,15.0801925,17.17712833,17.82854663,18.84927067,18.88470683
5.34375,6.846817714,2.336158201,0.751272492,0.002928947,0.002549246,14.70372308,17.0087649,17.77647429,18.83088049,18.88276662
5.354166667,7.429333243,2.691553298,0.890563616,0.003148094,0.00260573,14.40446515,16.82773117,17.71299931,18.83752426,18.88183684
5.364583333,7.833431366,3.004908334,1.033684392,0.00344121,0.002672157,14.2124321,16.66950074,17.64720294,18.83274868,18.87992218
5.375,8.114193628,3.266890189,1.171888606,0.003845459,0.002751705,14.0891105,16.53919697,17.58368324,18.83524918,18.88046216
5.385416667,9.512719957,4.225608365,1.643736831,0.010498897,0.002902633,13.49298539,16.09092532,17.37920353,18.77213639,18.87323987
5.395833333,10.4553303,5.108680939,2.159859475,0.122963942,0.003356284,13.08691511,15.64576486,17.13807294,18.84001735,18.87342107
5.40625,11.04645725,5.829067087,2.668768727,0.269815962,0.004343749,12.87270929,15.29499586,16.90233415,18.75320557,18.85154735
5.416666667,11.41956544,6.385091229,3.133036,0.39793398,0.0068163,12.75992651,15.03717137,16.69199618,18.7099829,18.86437091
5.427083333,12.72849159,7.759952157,4.190504692,0.947003396,0.099792368,12.41260274,14.48084594,16.26291987,18.52921899,18.88309012
5.4375,13.53059976,8.888430571,5.206911811,1.502699948,0.251054409,12.21862236,14.0517683,15.86384892,18.42436917,18.87131217
5.447916667,13.98694812,9.711756137,6.098589065,2.103487148,0.434308016,12.13521259,13.7953472,15.56285896,18.34186969,18.83736044
5.4583333,14.25877411,10.28623509,6.830588457,2.707882231,0.664662586,12.09578323,13.64881672,15.35795397,18.28401288,18.81996573
5.46875,14.83463471,11.05040393,7.711531334,3.59396949,1.130827716,12.016346,13.49188649,15.16493194,18.21877256,18.78466375
5.479166667,15.2294589,11.66103167,8.458541803,4.382819183,1.649504805,11.9585696,13.38138819,15.03095887,18.18918692,18.76743697
5.489583333,15.51574215,12.11741469,9.069254283,5.077168989,2.189735828,11.9174394,13.31309387,14.94291532,18.16897292,18.75789341
5.5,15.75878431,12.46669326,9.556698185,5.669433077,2.717958276,11.90010278,13.26573723,14.88163945,18.15574626,18.75127848
5.510416667,16.18188437,12.83380878,9.986393642,6.197984957,3.236511199,11.85333739,13.22395529,14.83659357,18.14396014,18.74558618
5.520833333,16.51535789,13.19503422,10.37520716,6.64563774,3.701432299,11.81717931,13.18400802,14.79889722,18.13658434,18.74210133
5.53125,16.79073174,13.51668184,10.72990392,7.036966555,4.11361166,11.79156518,13.15149793,14.76720524,18.12976529,18.73908131
5.541666667,17.02881603,13.79749605,11.04851209,7.383685297,4.479118499,11.76597485,13.12437618,14.74046469,18.12514412,18.73731716
5.552083333,17.16373785,13.93066001,11.22790683,7.572375957,4.699420713,11.75931002,13.11427904,14.72602361,18.12708863,18.73834276
5.5625,17.2869767,14.05244992,11.37613296,7.738180246,4.885858459,11.75034418,13.10669188,14.71491703,18.12438362,18.73790019
5.572916667,17.40314562,14.170112,11.50719506,7.880306766,5.042988673,11.72861716,13.09739241,14.70539353,18.12538345,18.73774936
5.5833333,17.50615978,14.28061178,11.62666842,8.004249278,5.17597318,11.72890054,13.08784592,14.69617728,18.11947603,18.73617178
5.59375,17.16804025,14.15751481,11.60065162,7.973957522,5.170473821,11.74802299,13.09306056,14.69460337,18.12469497,18.7386094
5.604166667,16.9632901,13.96190382,11.50617276,7.925983612,5.147498545,11.76206494,13.1051206,14.69634278,18.12376446,18.73906429
5.614583333,16.85314895,13.78865519,11.37180822,7.841898227,5.100692982,11.77010152,13.1155527,14.69970501,18.12228273,18.73910295
5.625,16.78862948,13.6564933,11.23146947,7.728788231,5.026241437,11.77341331,13.12220353,14.70311626,18.12119932,18.73860695
5.635416667,16.34567553,13.35596582,10.98161305,7.468358346,4.815731148,11.81700422,13.14613571,14.7150623,18.12868143,18.74199302
5.645833333,16.0400549,13.02560923,10.70179229,7.206554429,4.589633116,11.85663253,13.179347,14.73154993,18.12918098,18.74319227
5.65625,15.83077015,12.73645391,10.41469866,6.934067209,4.349934858,11.88046329,13.21030938,14.75040107,18.13101031,18.74402528
5.666666667,15.67166776,12.49928547,10.14410333,6.658470792,4.099696898,11.89763398,13.23605101,14.76933089,18.13300157,18.7452741
5.677083333,15.20368129,12.16708686,9.829808047,6.313558082,3.78351835,11.96761314,13.27699885,14.79394651,18.13991464,18.74869808
5.6875,14.86646141,11.81771448,9.508860026,5.984304808,3.471353297,12.02748786,13.33034472,14.82418678,18.14335721,18.75096888
5.697916667,14.61863308,11.50755066,9.194128397,5.663481743,3.166272426,12.0677362,13.38135009,14.85762716,18.14792031,18.75340561
5.7083333,14.42167146,11.2465419,8.902078395,5.354842786,2.871264348,12.10014328,13.4258978,14.89143276,18.15274941,18.75618877
5.71875,13.92410093,10.88813569,8.566703671,4.981408362,2.527287939,12.19886961,13.49177538,14.93362414,18.16359748,18.76256458
5.729166667,13.56126455,10.51981782,8.231179486,4.635017151,2.205331543,12.28418368,13.57334638,14.98316104,18.1707294,18.76758256
5.739583333,13.29504296,10.1960871,7.908046709,4.306761926,1.907546308,12.34724818,13.65019625,15.03637822,18.18042585,18.77365782
5.75,13.0871993,9.926578888,7.612832998,3.998903028,1.635824509,12.39306995,13.72017097,15.09111388,18.18944724,18.78032229
5.760416667,12.40489026,9.617195698,7.359116723,3.744818679,1.413729543,12.57038986,13.80092484,15.14143042,18.19792203,18.78640844
5.770833333,11.9596845,9.240678903,7.082045742,3.499291575,1.217908301,12.71130675,13.91501374,15.20178333,18.20877199,18.79392625
5.78125,11.66889305,8.901829184,6.793391597,3.253940537,1.043224886,12.8114324,14.02669335,15.27148132,18.22158078,18.80215341
5.791666667,11.47031292,8.629026992,6.52081707,3.012240481,0.885825279,12.8700104,14.1210477,15.34293062,18.23599585,18.81159112
5.802083333,10.81749756,8.346606379,6.305762096,2.840143193,0.780427299,13.08763272,14.21803614,15.40379499,18.24542742,18.81701945
5.8125,10.42513546,8.004825912,6.065156842,2.660135432,0.682003637,13.2398204,14.34739866,15.47434773,18.25955316,18.82547175
5.822916667,10.19206088,7.711936946,5.816086946,2.471433194,0.587983565,13.32810366,14.46549334,15.55290774,18.27576039,18.83491819
5.8333333,10.04856392,7.490010607,5.588254648,2.283345709,0.498409091,13.38994986,14.55662538,15.62941294,18.29564978,18.84563521
5.84375,9.408634987,7.214272387,5.386993775,2.120122575,0.423588106,13.6405035,14.6662423,15.69938932,18.31380414,18.85553405
5.854166667,9.039162324,6.885478203,5.160130976,1.957241785,0.355674179,13.80738318,14.80976718,15.78111842,18.33489926,18.86645845
5.864583333,8.832287981,6.612952456,4.929240548,1.791055572,0.293322278,13.90323364,14.93425818,15.86908961,18.35924519,18.8776164
5.875,8.713714537,6.414767271,4.723325185,1.630761082,0.237506797,13.95074932,15.02593236,15.9505984,18.38578039,18.8884005
5.885416667,8.075012868,6.142018576,4.530159633,1.47837169,0.188342668,14.21492559,15.14219871,16.02752428,18.41435128,18.89846002
5.895833333,7.711950801,5.818258203,4.311868205,1.334937562,0.149768295,14.38641257,15.29180383,16.11605424,18.44340341,18.90574575
5.90625,7.517600139,5.554876226,4.091351797,1.193183745,0.118165977,14.47237954,15.41781935,16.20876936,18.4751963,18.91154288
5.916666667,7.413337394,5.369522365,3.89795511,1.060785511,0.093391126,14.53074949,15.5090779,16.29267318,18.50832426,18.91573325
5.927083333,7.058571254,5.156948637,3.713639742,0.918091836,0.070958606,14.68013831,15.60722939,16.37340302,18.54830256,18.92002371
5.9375,6.858165542,4.948733933,3.540579566,0.805515828,0.058748834,14.77701748,15.70986267,16.45108641,18.58098849,18.91918974
5.947916667,6.753358692,4.790986723,3.38731468,0.712710871,0.050551971,14.82620076,15.78907383,16.52162621,18.60971016,18.91818727
5.9583333,6.699868045,4.684343507,3.263566078,0.638451551,0.044510474,14.85105908,15.84335203,16.57977744,18.6337157,18.9165002
5.96875,6.506559218,4.563169462,3.150522668,0.563945242,0.038010945,14.93548706,15.9011375,16.63229009,18.65990143,18.91476637
5.979166667,6.398428153,4.448166049,3.050025948,0.511688216,0.031864509,14.9933396,15.95905817,16.6802345,18.67708791,18.91091962
5.989583333,6.34257055,4.362537034,2.964266879,0.471224893,0.024276256,15.01493459,16.00265859,16.7213125,18.69060284,18.90727382
6,6.314339783,4.305255203,2.896648165,0.440026131,0.017460203,15.02518071,16.03232578,16.75468087,18.70110956,18.90291098
6.010416667,6.05029084,4.092105536,2.729755034,0.30096474,0.008155961,15.15609201,16.1342205,16.82784628,18.76644954,18.91268546
6.020833333,5.879159121,3.905632233,2.57727139,0.243413016,0.005483309,15.25187732,16.23460478,16.90110331,18.7835905,18.89433834
6.03125,5.780716887,3.765294209,2.44618581,0.209037296,0.004233687,15.30126696,16.30970323,16.96504556,18.79216137,18.8933498
6.041666667,5.723569919,3.666724881,2.340521119,0.184591215,0.00357092,15.32301656,16.36080386,17.01657328,18.79867711,18.8911663
6.052083333,5.652417093,3.483043666,2.173662471,0.106542369,0.002982296,15.36385893,16.44865194,17.09192089,18.83837627,18.89722378
6.0625,5.598699841,3.358488678,2.039323539,0.077119068,0.002743038,15.39302196,16.51550238,17.15708012,18.83456186,18.88290826
6.072916667,5.564390015,3.276071525,1.937327179,0.055569525,0.002621582,15.40977233,16.55707338,17.20562205,18.84078939,18.88137664
6.0833333,5.541737775,3.221829813,1.86289477,0.041557874,0.002557272,15.40333203,16.58053798,17.24054328,18.84534869,18.87787694
6.09375,5.413791836,3.031771401,1.712895478,0.010050318,0.002477915,15.46879124,16.67122551,17.30809974,18.88667499,18.88272919
6.104166667,5.314417178,2.887766906,1.587835655,0.0068141,0.002437992,15.52308468,16.7448685,17.36742307,18.85071966,18.87644528
6.114583333,5.248736065,2.782905715,1.48765462,0.005495629,0.002409423,15.54830991,16.79705009,17.41472898,18.85260163,18.88024185
6.125,5.205071591,2.708018534,1.409944813,0.004823154,0.00239315,15.56649052,16.83323572,17.45187191,18.85045829,18.8785232
6.135416667,5.034201137,2.517239268,1.276724431,0.003758841,0.002374832,15.64064629,16.92064373,17.5104663,18.8691433,18.87906928
6.145833333,4.898619763,2.365553862,1.165096005,0.003415653,0.002357955,15.70605926,16.99508739,17.56275948,18.8464028,18.87828007
6.15625,4.804767859,2.249343125,1.07402162,0.003197993,0.002347053,15.74620423,17.05067934,17.60510742,18.85388051,18.88040777
6.166666667,4.740071819,2.162207348,1.001520472,0.003061876,0.002340924,15.77151449,17.09152131,17.63889165,18.84910171,18.87887564
6.177083333,4.804053836,2.021735932,0.902573708,0.002841501,0.00233601,15.74947836,17.15765205,17.68327373,18.85957836,18.87972899
6.1875,4.84977675,1.93613899,0.825130146,0.002748489,0.002331396,15.72945062,17.20090927,17.71967852,18.84916598,18.8797464
6.197916667,4.881646647,1.885361538,0.767768067,0.002685953,0.00232974,15.7086445,17.23247108,17.74903857,18.85496349,18.88008428
6.2083333,4.903439386,1.856004363,0.727086599,0.002647879,0.002330639,15.69743315,17.24279564,17.76746547,18.85114583,18.87969642
6.21875,4.874933941,1.778308896,0.674615524,0.002586606,0.002333179,15.70432394,17.27570491,17.79073969,18.8555595,18.88076714
6.229166667,4.844293277,1.721695413,0.634081585,0.002560197,0.002336254,15.71412768,17.30363346,17.81081173,18.85111692,18.88087326
6.239583333,4.820754486,1.680889568,0.603554312,0.002544496,0.002341428,15.717868,17.31785847,17.82340912,18.85675367,18.88191727
6.25,4.803109605,1.651704468,0.581122278,0.002538105,0.00234867,15.71974314,17.33996626,17.83991689,18.84617995,18.88148248
6.260416667,4.913618607,1.61860308,0.557544168,0.002529454,0.002357875,15.66707455,17.34957357,17.84790233,18.85373528,18.88182766
6.270833333,4.996107346,1.607553803,0.541210901,0.002530982,0.002368909,15.6199911,17.35440512,17.85646629,18.85230361,18.88206055
6.28125,5.055505563,1.6083403,0.531283699,0.002538256,0.002382517,15.58861333,17.35337845,17.8618968,18.85324184,18.8823409
6.291666667,5.098251103,1.614922715,0.526320839,0.002550591,0.002399062,15.56068005,17.34929944,17.86556261,18.8524912,18.88265572
6.302083333,5.452636992,1.699718127,0.545471381,0.002588685,0.002419208,15.39063844,17.31104327,17.85898941,18.847975,18.88235432
6.3125,5.724031605,1.79724918,0.56981469,0.002626507,0.002444731,15.24589196,17.26217595,17.84919993,18.84909345,18.88218427
6.322916667,5.920365132,1.891833968,0.597790107,0.00266989,0.002474646,15.14606229,17.21543458,17.83773561,18.8473729,18.88190179
6.3333333,6.062530823,1.976595406,0.627208964,0.002718203,0.002509837,15.07732345,17.17445642,17.82567524,18.84805237,18.88210975
6.34375,6.849406136,2.339441974,0.753580381,0.002934823,0.002551865,14.70140835,17.0054039,17.77342101,18.82919108,18.88014476
6.354166667,7.431805571,2.694997082,0.893041848,0.003155543,0.002608826,14.40227996,16.82432492,17.70992463,18.83590258,18.87922713
6.364583333,7.835939868,3.008576191,1.036376484,0.003451172,0.00267586,14.21093814,16.66615487,17.64418236,18.83104256,18.8773157
6.375,8.116787947,3.270801608,1.174824368,0.003859716,0.00275619,14.08855844,16.53599135,17.58056029,18.83378468,18.87785796
6.385416667,9.515406205,4.229735451,1.647112728,0.010670727,0.002909084,13.49482246,16.0882321,17.37616592,18.77052962,18.87060497
6.395833333,10.45859996,5.113407262,2.163857842,0.124210829,0.003368596,13.09184895,15.64356263,17.13535771,18.83834089,18.87070982
6.40625,11.05065204,5.834648395,2.673599024,0.271066767,0.00436719,12.88009925,15.29351635,16.90030533,18.75133386,18.84897895
6.416666667,11.42476601,6.391622466,3.138854641,0.399290417,0.006888359,12.76888722,15.03556764,16.69099347,18.70795005,18.86225897
6.427083333,12.73449002,7.767486262,4.197716493,0.949767825,0.100828097,12.42772115,14.48288556,16.26269683,18.52656393,18.88117495
6.4375,13.53812384,8.89774718,5.216182619,1.507033286,0.252662096,12.23751427,14.05741127,15.86647852,18.42116051,18.8681662
6.447916667,13.99600658,9.723376189,6.110672793,2.109713284,0.436552701,12.15576691,13.8041876,15.56872162,18.33839692,18.83343508
6.4583333,14.26906601,10.30017339,6.845995842,2.716433594,0.667934414,12.11880882,13.65987375,15.36611204,18.28002753,18.81658555
6.46875,14.84561145,11.06619041,7.730327279,3.6056919,1.136043001,12.04025303,13.50585068,15.17762901,18.21470044,18.77864173
6.479166667,15.24152536,11.6786879,8.480777118,4.397812476,1.65711224,11.98364655,13.39743532,15.04652376,18.18517865,18.76052167
6.489583333,15.52906502,12.13700091,9.094734533,5.095407375,2.200073008,11.95018163,13.32934819,14.95957338,18.16475636,18.75057682
6.5,15.77328393,12.4879791,9.585163195,5.690851403,2.731216691,11.92124531,13.28441467,14.90010253,18.14908307,18.74445298
6.510416667,16.19792228,12.8567834,10.0174199,6.222376325,3.25278598,11.88107394,13.24303769,14.85656279,18.13958222,18.73748992
6.520833333,16.53298464,13.21978736,10.40860731,6.672722571,3.720610414,11.84599521,13.20393946,14.81979269,18.13228537,18.73385444
6.53125,16.81001346,13.54348701,10.76556661,7.066437709,4.135544117,11.8191954,13.17150128,14.78850709,18.12578517,18.73093051
6.541666667,17.04987426,13.82608499,11.08647084,7.415539804,4.503574567,11.79567736,13.14522615,14.76232242,18.12041261,18.72893688
6.552083333,17.18667,13.96123861,11.2682855,7.606456096,4.726078791,11.78922056,13.13525325,14.74820458,18.12290598,18.72984424
6.5625,17.3114901,14.08484457,11.41871584,7.774490849,4.914734586,11.78057947,13.12781213,14.73715551,18.12022744,18.72938221
6.572916667,17.42904801,14.20413372,11.55176088,7.918755154,5.07406562,11.75950483,13.11863623,14.72739349,18.12135818,18.72900575
6.5833333,17.53395547,14.31629374,11.67307982,8.044700231,5.209184819,11.76080203,13.10930022,14.71877418,18.11490405,18.72747973
6.59375,17.19700585,14.19494128,11.64918326,8.016207188,5.20549698,11.77750345,13.11417618,14.71711037,18.12045645,18.72995487
6.604166667,16.99314114,14.00060667,11.55648087,7.970063254,5.184389328,11.79082159,13.12577996,14.71862114,18.11940348,18.73033789
6.614583333,16.88384548,13.82823273,11.42333849,7.887609206,5.139469973,11.79940089,13.13537872,14.72142092,18.11769235,18.7301222
6.625,16.82098966,13.69708623,11.28334721,7.775316437,5.066627467,11.80329413,13.14167632,14.7245502,18.11592696,18.72969811
6.635416667,16.37844601,13.39759921,11.03517627,7.516032274,4.857345763,11.8434327,13.16503823,14.73611037,18.12442885,18.73334589
6.645833333,16.07318137,13.06795961,10.7563888,7.255346122,4.63255252,11.87850339,13.19751323,14.75213014,18.12651674,18.73514561
6.65625,15.86404474,12.77883429,10.46972489,6.983718861,4.393933112,11.90271734,13.22710616,14.77000897,18.12679587,18.73542344
6.666666667,15.70531228,12.54156968,10.19911079,6.708626047,4.1444484,11.92080629,13.25188038,14.7879659,18.12868448,18.73656486
6.677083333,15.23720215,12.20915565,9.88492416,6.364023881,3.828748181,11.98906959,13.2916562,14.81155197,18.13546961,18.74006458
6.6875,14.89956603,11.85916044,9.563550557,6.034823075,3.516759829,12.04728289,13.34349799,14.84060233,18.13881664,18.74225358
6.697916667,14.65099626,11.54807491,9.247912289,5.713691518,3.211512414,12.08735411,13.39281139,14.87275826,18.14335122,18.74480819
6.7083333,14.4529875,11.28573766,8.954736631,5.404525125,2.916053571,12.11725916,13.43639422,14.90532161,18.14816647,18.74766879
6.71875,13.95510445,10.92616912,8.61784498,5.029965215,2.571004835,12.21350459,13.50053152,14.94596359,18.15881992,18.75408393
6.729166667,13.5913813,10.55646076,8.280463176,4.682142312,2.247490241,12.29663577,13.58009043,14.99379716,18.16584891,18.75921941
6.739583333,13.3239329,10.23109282,7.955151075,4.352141491,1.947675205,12.35806391,13.65557562,15.0454974,18.17512809,18.76552031
6.75,13.11487076,9.959818884,7.657520087,4.042240657,1.673468632,12.39613561,13.7248125,15.09902404,18.1839236,18.77188023
6.760416667,12.4309048,9.648542038,7.401188356,3.785876756,1.448531189,12.57643559,13.8033252,15.14756187,18.19257827,18.77831134
6.770833333,11.98361153,9.269811968,7.121426171,3.537891951,1.249599807,12.71568407,13.91585692,15.20663373,18.20345661,18.78593547
6.78125,11.69054355,8.928941931,6.82991619,3.289835952,1.071624503,12.81032077,14.02542907,15.27461103,18.21586973,18.79473901
6.791666667,11.48984708,8.654154485,6.55474662,3.045253093,0.910732033,12.86315051,14.12045437,15.34615988,18.2308995,18.80335192
6.802083333,10.83501076,8.369014345,6.336668452,2.870526175,0.802111741,13.08739726,14.21608543,15.40516076,18.23979598,18.80981392
6.8125,10.44047871,8.02474915,6.093094077,2.687757178,0.7006819,13.24109758,14.34457532,15.47482335,18.25378767,18.81873102
6.822916667,10.20560699,7.729417974,5.841124348,2.496288313,0.603848721,13.33265391,14.46178926,15.55267387,18.27029504,18.82868689
6.8333333,10.06070107,7.505509833,5.610442707,2.30534917,0.511575956,13.38892893,14.55386044,15.62957703,18.29200084,18.8384011
6.84375,9.418820767,7.228067347,5.406862954,2.139509691,0.434271677,13.63656463,14.66343115,15.69869554,18.3083178,18.84980815
6.854166667,9.047662575,6.897149232,5.177955487,1.974314887,0.36420529,13.80016159,14.80702416,15.78003902,18.32939537,18.86139059
6.864583333,8.838983317,6.623336185,4.94514532,1.806005488,0.300036246,13.89447495,14.93108723,15.86761855,18.35381788,18.87309664
6.875,8.719550073,6.423861323,4.737262905,1.643641073,0.242641495,13.94927456,15.02326791,15.94932654,18.38104211,18.88426956
6.885416667,8.079543115,6.149891173,4.542565555,1.489477881,0.192132564,14.21239223,15.13945766,16.02586734,18.40956365,18.89485794
6.895833333,7.715562534,5.824442208,4.322982072,1.34456588,0.152489601,14.38326605,15.28954288,16.11404027,18.43884775,18.90259881
6.90625,7.520117442,5.56060544,4.101090564,1.201371317,0.120040166,14.47365593,15.41550828,16.20674652,18.47097694,18.90877417
6.916666667,7.414729476,5.374134435,3.90672444,1.067906463,0.094655164,14.52276322,15.50627838,16.29118293,18.50417047,18.91318214
6.927083333,7.05973723,5.16097888,3.721274604,0.924003112,0.071706436,14.67756882,15.60491879,16.37127236,18.5445321,18.91778288
6.9375,6.859149016,4.952326829,3.547338491,0.810397453,0.059222633,14.76912209,15.70753354,16.44864886,18.57754261,18.91703643
6.947916667,6.75402559,4.794580393,3.393487607,0.716716917,0.050874576,14.82489175,15.78675489,16.51938497,18.60664627,18.91614227
6.9583333,6.700056603,4.687281114,3.269222255,0.64188971,0.044765893,14.84894651,15.84112993,16.5776005,18.63084311,18.91445667
6.96875,6.5067985,4.565870074,3.155701774,0.566873368,0.038243623,14.93254522,15.89890496,16.63007817,18.65724971,18.91281102
6.979166667,6.398702072,4.450756641,3.054843093,0.514206216,0.032124708,14.98694518,15.95673406,16.67781736,18.67460685,18.90895768
6.989583333,6.342998683,4.365001677,2.968825004,0.473461908,0.024547546,15.01139849,16.00042644,16.71909347,18.68825067,18.90547262
7,6.314650658,4.307674471,2.900994657,0.442031718,0.017666452,15.02301949,16.0300231,16.75238936,18.698832,18.90124281
